Statement.Month,A Feelin',A Kingston Story: Come from Far,All I Need,Always Be Around,Amplify,Amplify - Bonus Tracks Version,Back to You,Bad Girl,Better,Better Days,Billie Jean EP,Blow,Bright,Bright Days,Can't Stop Us Now,Can't Stop Us Now: Linval Thompson Productions,Come from Far,Connection,Connection (Bonus Tracks Version),Count Me In,Count Me In (Live),Count Me in Remix EP,Dancing in the Breeze,De-Stress,De-Stress (Live),Dub Side Of The Moon,Dub Side of the Moon Anniversary Edition,Dubber Side of the Moon,Dubber Side of the Moon (Bonus Track Version),Dubtopia,Dust And Dirt,Dust And Dirt (Deluxe Version),Easy Star's Lonely Hearts Dub Band,Easy Star's Thrillah,Easy Star Vol. 1,Easy Star Volume 2: Dancehall Culture,Fabric,Fade Away (Live),Falling into Place,Fire in the Hole,Fireflies,First Light,FM,Freakin',Fumaça,Generation,Ghetto-ology + Dub,Ghetto Knowledge,Gifts to Give,Gifts to Give - EP,Hawai'i '13,Hidden Treasures 2,High and Dry,High and Dry (feat. Morgan Heritage),Honorable & The Beast,Hustling Culture,I Will,Inhale Exhale (feat. Protoje),Interval,Into The Dojo,Into the Light,JBB In Dub,Keep On Pushing,Kings & Queens,Kings and Queens in Dub,Kingston City,Know It All,La Si Dah,Lay My Claim,Let Down (iTunes Exclusive Single),Liar,Life Is a Funny Thing,Lily of da Valley,Live at Red Rocks,Longshot,Lost in Dreams,Lou,Love & Affection,Love & Affection EP,Marching Orders,Notice Me,"Old Time Something Come Back Again, Vol. 2",On the Sun,Pressure Points,Put Those Fools,Radiodread,Radiodread (Special Edition),Rare Gems,Re-Amplify,Rocking Time,Roots Reggae Music (feat. Don Carlos),Safe and Sound (Live),Sharp & Ready,Smoke,Solid Ground,Something About It,Specials: Remixes And Versions From Solid Ground,Steady,Strugglers' Time,Sugar Minott's Hidden Treasures,Take a Lift,Take Control,Take Me On,The Big Smoke,The Big Smoke (Remixed),The Black Seeds Live: Volume 1,The Prester John Sessions,This Town,Ticklah vs. Axelrod,Together Not Apart,Until That Day EP,Upper Hand,Vines,Ways & Means,With a Little Help From My Friends (Feat. Luciano) [Chorus],With a Little Help from My Friends / With a Little Dub from My Friends - Single,Easy Star's Lonely Hearts Dub Band - Ringtones,Bout Noon,Celebrate,Free Rein,City Life,Healing,A Matter of Time,Blood Money,Lucy in the Sky With Diamonds feat. Frankie Paul (Bridge),No Guarantee,Patience,Truths & Rights,Like This,Careful,Learning to Swim,Fyah Nuh Hot Like You,Armageddon,Swimming Lessons,Acoustic,Black & White,Gets on Top,Light the Fuse,Lionorder,Lost in Space,Not Another Word (feat. Agent Sasco),Restless,Stardust,Turning Back,Black & White Acoustic Videos,If Yuh Ready,Tell Me Not,Where I'm Coming From,Lightning,Nobody Man,Out of This World,Refabricated: Fabric Remixes & Rarities,Restless: The Riddim Punks Remixes,Black & White Acoustic Videos 2,Bring Your Rays,Chiliagon,Differ,"Differ Remix (feat. Sean Paul, Agent Sasco & Chi Ching Ching)",Salt Water,Spread Out (feat. Hype & Fever),Wicked Love,Fight the Fight,100%,Sweet and Slow (feat. Slightly Stoopid),Clock Work,Full Bloom,MASS,"My Hawai'i (feat. Sean Na'auao, Kaumakaiwa, Kumu Hina)",Born into Bad Times (Radio Mix),Headline,Headlines,Natty Pablo,Unique (feat. Reverie),Bebida,Drink,Natty Pablo (Video),Simão,The Truth,Attention Span Dub,Disquietude,Dub Collection,Foolish Love,Nobody,Underrated,Energy,Inhale Exhale Dub,Lazy Afternoon Dub,Live at Electric Brixton,Roots Reggae Music Dub,Settle Down Easy Dub,Use Me,Oh My Love,Ancient Future,Angel,Let Down,Papa Rosko,When I'm 64 (Feat. Sugar Minott) [Intro],When You Say Nothing at All,Babylon Exists,Drop Sound (feat. Slightly Stoopid),Folsom Prison Blues,Lately,Never Left,Never Left (Zion I Kings Remix),No Selfie,Star Chile,Stay,The Journey,Two for Toots,Castle in the Sky,Fade Away,Intro/Speak To Me/Breathe,Neva Bow,Neva Bow (feat. Zion I),Play with Fire,Raised with Love,Rub a Dub Party (feat. Suckarie),Star Chile Version,Troubled Streets,Universal Love (feat. Karim Israel),Choppa (feat. Lincoln 3dot & Sos Dynamikz),Shadow Dweller,Down to Earth,Honey,Night Shift,The Bridge,The Throne,Down to Earth (feat. Josh Skints),Ease and Flow,Ease and Flow (feat. Mike Love),Rebelution Remembers,Rich Forever,Royal,Satisfied,Soda,The Offering,In the Moment,Old School Feeling,Dirty Money,Heavy as Lead,Heavy as Lead (Official Music Video),Honey (feat. Hollie Cook),Natty Dread,Rich Forever (feat. Vybz Kartel),"The Offering (feat. Sizzla, Skillinjah)",You're Not the Only One (feat. Aj Brown),All or Nothing,Fake Reggae,Karma Police,Money,Rebelution feat. Kabaka Pyramid - 2020 Vision (Official Music Video),Tempo,Tempo (Official Video),Who Knows
2018-01,16.61,903.78,210.09,52.05,258.03000000000003,0.51,2.07,2.15,9.790000000000001,11.52,28.89,5.630000000000001,5.930000000000001,99.11,2.14,414.02,10.54,518.9300000000001,59.56,27887.26,9.58,242.97,0.85,130.14000000000001,10.06,4208.25,627.13,471.69,223.03,169.29,375.78,22.669999999999998,1131.18,485.88,20.23,23.06,403.48,16.47,31668.46,0.52,601.85,145.8,607.61,7.58,0.78,62.02,2.64,27.2,61.62,0,3503.43,0.25,1.06,12.54,1.64,795.33,253.21,715.43,114.28,413.67,22.65,91.03,36.84,350.57,92.69,598.8,169.62,340.31,3242.43,6.32,142.5,18.91,3915.17,6494.429999999999,2016.04,129.01,1.68,5.5600000000000005,808.02,12077.83,16.5,1132.88,342.95,474.43,8.37,2257.63,411.18,0.79,79.89999999999999,0.33999999999999997,61.2,14.57,71.87,209.14,94.98,1.07,35.38,948.5,20.46,0.01,0.23,0.28,248.1,134.57,18.69,28.63,29.46,90.5,557.11,66.63,52.76,643.46,506.53,3953.55,2.11,16.05,0,0,0,0,0,0,0,0,0,0,0,0,0,0,0,0,0,0,0,0,0,0,0,0,0,0,0,0,0,0,0,0,0,0,0,0,0,0,0,0,0,0,0,0,0,0,0,0,0,0,0,0,0,0,0,0,0,0,0,0,0,0,0,0,0,0,0,0,0,0,0,0,0,0,0,0,0,0,0,0,0,0,0,0,0,0,0,0,0,0,0,0,0,0,0,0,0,0,0,0,0,0,0,0,0,0,0,0,0,0,0,0,0,0,0,0,0,0,0,0,0,0,0,0,0,0,0,0,0,0,0,0,0,0,0,0,0,0
2018-02,6.5,357.98,107.3,36.91,234.60999999999999,0.21,0.64,0.26,5.24,5.04,19.75,2.81,2.4899999999999998,48.87,1.46,151.6,2.51,289.88,49.17,15980.16,5.25,131.21,0.44,65.49,5.140000000000001,2934.26,377.29,288.35,134.58,70.76,212.13,3.24,687.2,256.81,17.55,14.620000000000001,225.53,9.86,21029.7,0.26,351.24,79.18,305.73,2.46,0.06999999999999999,28.669999999999998,0.31,17.59,13.68,0,2116.17,0.12,0.37,7.16,0.6,606.46,98.37,747.92,81.02,250.24,7.16,54.589999999999996,21.25,214.81,49.41,283.04,96.92,168.5,1929.6,3.69,81.59,9.299999999999999,1816.24,4669.969999999999,1050.6399999999999,68.79,10.02,12.89,430.94,7367.62,9.84,473.58,154.99,289.78,4.04,1227.29,243.77,0.74,49.3,0.18000000000000002,30.94,7.74,58.47,60.64,61.25,1.15,19.12,477.14,9.59,0.7,0.14,0.09,79.95,82.32,5.19,24.59,16.96,48.87,398.58,24.64,30.96,307.22,433.89,2622.89,2.56,6.83,0,0,0,0,0,0,0,0,0,0,0,0,0,0,0,0,0,0,0,0,0,0,0,0,0,0,0,0,0,0,0,0,0,0,0,0,0,0,0,0,0,0,0,0,0,0,0,0,0,0,0,0,0,0,0,0,0,0,0,0,0,0,0,0,0,0,0,0,0,0,0,0,0,0,0,0,0,0,0,0,0,0,0,0,0,0,0,0,0,0,0,0,0,0,0,0,0,0,0,0,0,0,0,0,0,0,0,0,0,0,0,0,0,0,0,0,0,0,0,0,0,0,0,0,0,0,0,0,0,0,0,0,0,0,0,0,0,0
2018-03,6.41,330.36,125.34,16.7,187.82,1.31,1.07,0.22,3.42,4.32,18.14,2.2800000000000002,2.23,49.66,0,146.29,2.71,281.55,30.95,15691.55,6.279999999999999,167.18,0.33,68.4,6.45,2429.17,321.07,228.44,112.67,86.54,186.1,16.08,570,252.85,13.07,19.55,127.3,11.66,20943.85,0.12000000000000001,278.29,74.32000000000001,279.52,2.79,0.1,17.2,0.09,8.11,1.6,0,2275.39,0.63,0.52,7.25,0.74,553.91,97.83,374.35999999999996,66.41,249.06,7.28,45.48,26.16,203.55,46.56,301.7,98.63,179.04,1867,1.5899999999999999,87.2,10.05,1573.3,4805.5199999999995,1071.46,81.46,0.31,9.16,469.04,6490.63,9.28,395.09,162.58,278.89,3.73,1018.51,209.35,1.81,38.59,0.16,34.47,8.4,20,54.93,66.72,0.9400000000000001,13.4,518.75,10.11,0.63,0.13,0.08,70.95,66.86,11.37,11.82,14.52,26.17,288.11,32.74,27.64,408.76,328.63,2466.74,2.93,8.94,0,348.74,731.48,1743.79,0,0,0,0,0,0,0,0,0,0,0,0,0,0,0,0,0,0,0,0,0,0,0,0,0,0,0,0,0,0,0,0,0,0,0,0,0,0,0,0,0,0,0,0,0,0,0,0,0,0,0,0,0,0,0,0,0,0,0,0,0,0,0,0,0,0,0,0,0,0,0,0,0,0,0,0,0,0,0,0,0,0,0,0,0,0,0,0,0,0,0,0,0,0,0,0,0,0,0,0,0,0,0,0,0,0,0,0,0,0,0,0,0,0,0,0,0,0,0,0,0,0,0,0,0,0,0,0,0,0,0,0,0,0
2018-04,7.16,414.96999999999997,180.8,23.31,226.29,2.42,0.45,0.5800000000000001,5.5200000000000005,4.51,13.26,2.3,2.55,60.05,1.31,184.04,4.4,331.69,42.32,19608.329999999998,8.68,211.08,0.4,74.33,7.99,3006.76,400.53000000000003,229.62,172.23,75.43,241.34,7.9399999999999995,720.11,323.12,16.43,20.32,149.73,13.76,26350.09,0.2,393.2,102.51,386.59,2.05,0.11,16.85,0.82,18.28,2.84,0,2684.25,0.29,0.79,12.83,1.13,741.47,125.39,542.9200000000001,81.55,259.82,7.24,60.57,36.37,234.35999999999999,61.55,384.64,106.57,259.48,1847.58,3.23,100.01,10.98,2027.18,5989.07,1364.89,86.01,6.970000000000001,9.26,649.12,7318.76,10.72,481.73,184.03,365.55,11,1221.8,255.68,0.03,50.68,0.16,37.46,12.4,44.36,67.4,68.37,0.8,13.8,643.29,10.31,0.53,0.15,0.72,93.72,77.37,13.03,10.48,17.01,31.01,345.51,22.74,29.45,409.06,427.52,2889.21,2.98,11.93,0,1147.41,2710.3,3990.34,451.63,0,0,0,0,0,0,0,0,0,0,0,0,0,0,0,0,0,0,0,0,0,0,0,0,0,0,0,0,0,0,0,0,0,0,0,0,0,0,0,0,0,0,0,0,0,0,0,0,0,0,0,0,0,0,0,0,0,0,0,0,0,0,0,0,0,0,0,0,0,0,0,0,0,0,0,0,0,0,0,0,0,0,0,0,0,0,0,0,0,0,0,0,0,0,0,0,0,0,0,0,0,0,0,0,0,0,0,0,0,0,0,0,0,0,0,0,0,0,0,0,0,0,0,0,0,0,0,0,0,0,0,0,0
2018-05,8.48,275.21999999999997,105.65,17.27,196.92,5.79,0.42000000000000004,1.7699999999999998,3.8,3.15,17.57,2.23,2.09,51.33,0.79,248.81,3.41,278.14,35.29,18448.78,7.59,170.54,0.34,88.53,6.7700000000000005,2696.48,354.24,227.06,156.98,83.32000000000001,210.26,8.16,661.64,275.33,17.71,13.15,129.73,11.28,23521.95,0.21000000000000002,331.21999999999997,68.94,333.37,3.07,0.09,15.83,0.22,10.92,2.34,0,2260.98,0.76,0.58,8.959999999999999,0.7999999999999999,625.86,78.26,679.37,67.32000000000001,240.07,10.86,53.55,33.82,223.39,59.4,308.65,107.74000000000001,200.57999999999998,1779.34,2.33,94.02,10.22,1797.38,5241.42,1184.41,77.67,4.15,11.78,498.21,6621.87,11.540000000000001,372.68,158.62,304.03000000000003,5.18,1188.3,226.56,0.48,58.83,0.11,37.31,9.15,25.74,40.06,55.38,1.24,12.08,595.54,9.18,0.16,0.05,0.46,78.05,63.56,3.75,10.02,23.84,38.49,326.61,24.25,30.599999999999998,435.9,360.65999999999997,2720.22,0.75,9.45,0,813.97,2709.16,8847.72,2979.69,427.62,0,0,0,0,0,0,0,0,0,0,0,0,0,0,0,0,0,0,0,0,0,0,0,0,0,0,0,0,0,0,0,0,0,0,0,0,0,0,0,0,0,0,0,0,0,0,0,0,0,0,0,0,0,0,0,0,0,0,0,0,0,0,0,0,0,0,0,0,0,0,0,0,0,0,0,0,0,0,0,0,0,0,0,0,0,0,0,0,0,0,0,0,0,0,0,0,0,0,0,0,0,0,0,0,0,0,0,0,0,0,0,0,0,0,0,0,0,0,0,0,0,0,0,0,0,0,0,0,0,0,0,0
2018-06,12.83,257.97,148.49,18.72,216.83,0.89,0.53,0.33,4.11,2.71,19.95,2.35,2.54,58.04,0.64,176.17,3.17,285.19,38.22,19665.25,7.2,169.32999999999998,0.34,85.74000000000001,6.03,2221.23,488.39,225.6,122.03,62.17,240,5.09,705.24,276.36,14.1,16.62,143.4,13.18,23017.79,0.15,301.40999999999997,86.34,310.57,1.91,0.13,13.89,0.15,11.61,5.9399999999999995,0,2410.01,0.77,0.63,7.74,1.67,558.41,95.62,591.91,75.25,263.24,7.859999999999999,54.08,21.05,245.84,70.67999999999999,260.71999999999997,117.04,209.66,1826.96,2.22,98.35,6.56,1322.83,5181.97,1297.8,92.92999999999999,4.85,12.98,530.19,9182.95,12.75,280.04,152.28,306.86,4.33,1192.1200000000001,245.15,0.46,55.089999999999996,0.16,40.85,8.38,16.7,50.98,57.86,3.1100000000000003,14.03,623.28,8.71,0.06,0.06,0.25,73.78999999999999,66.35,5.99,10.43,21.9,35.52,371.23,22.06,34,566.37,404.83,2806.2,0.16,7.73,0,567.79,3043.65,8811.36,2422.65,1389.97,1553.03,11.58,0,209.54,1085.8,4.92,0,0,0,0,0,0,0,0,0,0,0,0,0,0,0,0,0,0,0,0,0,0,0,0,0,0,0,0,0,0,0,0,0,0,0,0,0,0,0,0,0,0,0,0,0,0,0,0,0,0,0,0,0,0,0,0,0,0,0,0,0,0,0,0,0,0,0,0,0,0,0,0,0,0,0,0,0,0,0,0,0,0,0,0,0,0,0,0,0,0,0,0,0,0,0,0,0,0,0,0,0,0,0,0,0,0,0,0,0,0,0,0,0,0,0,0,0,0,0,0,0,0,0,0,0,0
2018-07,10.99,244.17,160.96,21.19,234.32,0.65,0.36,0.13,4.44,4.49,16.1,2.72,2.3400000000000003,61.87,2.08,159.55,3.62,288.24,34.14,22102.37,7.59,176.03,0.54,82.71,6.88,2248.4,516.76,213.06,89.67,54.8,229.23,2.95,668.04,320.75,14.6,15.940000000000001,115.51,11.55,25028.92,0.12,313.3,93.27,318.81,1.8699999999999999,0.08,12.8,0.66,11.08,5.17,0,2394.73,0.68,0.14,5.8,1.86,494.73,102.85000000000001,316.95,73.68,242.14,10.03,50.72,16.75,258.58,74.06,271.03000000000003,121.04,219.03,1890.61,1.4100000000000001,97.61,2.77,1295.46,5333.5599999999995,1275,120.24000000000001,2.36,11.91,547.52,8561.09,11.45,226.67,147.34,316.65,3.7399999999999998,1120.93,253.93,1.3800000000000001,50.48,0.18000000000000002,45.61,9.57,40.19,23.97,67.79,0.7999999999999999,15.23,625.79,9.42,0.52,0.15,0.23,85.05,61.18,10.26,13.35,18.04,38.97,332.14,23.25,27.54,638.51,378.9,2852.63,0.34,6.74,0,469.84999999999997,3577.9700000000003,86992.3,2390.83,1304.8799999999999,3958.95,18.77,0,231.5,2262.07,10.58,0,0,0,0,0,0,0,0,0,0,0,0,0,0,0,0,0,0,0,0,0,0,0,0,0,0,0,0,0,0,0,0,0,0,0,0,0,0,0,0,0,0,0,0,0,0,0,0,0,0,0,0,0,0,0,0,0,0,0,0,0,0,0,0,0,0,0,0,0,0,0,0,0,0,0,0,0,0,0,0,0,0,0,0,0,0,0,0,0,0,0,0,0,0,0,0,0,0,0,0,0,0,0,0,0,0,0,0,0,0,0,0,0,0,0,0,0,0,0,0,0,0,0,0,0,0
2018-08,9.77,299.24,165.07,21.99,237.03,0.53,0.42000000000000004,0.19999999999999998,6.9,5.99,16.32,2.2600000000000002,2.48,68.93,1.43,175.45,3.36,234.38,102.24,22414.15,7.71,190.06,0.36,90.9,6.86,2466.87,528.46,230.77,150.91,71.21,219.75,20.41,736.82,314.13,15.72,20.88,113.44,11.83,24251.12,0.15,319.87,71.34,317.65,1.52,0.1,14.91,7.74,9.42,3.3000000000000003,0,2635.51,0.94,0.01,11.16,4.09,558.52,106.27,54.66,81.55,287.82,7.54,60.02,17.44,239.49,66.36,286.13,120.86,201.60999999999999,1881.36,2.35,106.18,3,1325.32,4874.99,1498.18,128.28,0.98,14.3,400.99,6503.7,10.45,233.91,171.53,331.38,3.54,1275.02,290.73,1.76,54.199999999999996,0.14,46.66,9.22,26.04,33.59,65.41,0.96,13.73,687.23,8.7,0.13999999999999999,0.2,0.24000000000000002,86.81,69.27,5.03,13.67,12.55,42.96,364.72,28.38,29.06,886.01,394.38,3105.65,1.69,4.07,0,-24.030000000000005,2931.68,50780.62,976.17,392.75,11853.72,4.8100000000000005,0,30.14,868.34,4.55,0,0,0,0,0,0,0,0,0,0,0,0,0,0,0,0,0,0,0,0,0,0,0,0,0,0,0,0,0,0,0,0,0,0,0,0,0,0,0,0,0,0,0,0,0,0,0,0,0,0,0,0,0,0,0,0,0,0,0,0,0,0,0,0,0,0,0,0,0,0,0,0,0,0,0,0,0,0,0,0,0,0,0,0,0,0,0,0,0,0,0,0,0,0,0,0,0,0,0,0,0,0,0,0,0,0,0,0,0,0,0,0,0,0,0,0,0,0,0,0,0,0,0,0,0,0
2018-09,8.68,256.57,128.18,21.26,211.28,1,0.27999999999999997,0.19,5.38,3.5,25.84,3.16,2.16,61.7,1.57,143.72,2.65,204.82999999999998,89.23,19634.239999999998,7.38,169.83,0.28,94.87,6.73,2367.33,487.62,266.01,106.42999999999999,51.58,222.78,9.42,689.25,342.01,17.310000000000002,14.85,115.08,10.149999999999999,21217.06,0.17,273.16,98.81,285.86,1.53,0.12,14.99,1.43,12.58,4.68,0,2140.59,0.69,0.03,6.7299999999999995,4.26,520.7,83.47,156.51,72.21,256.22,5.25,54.78,15.83,220.34,51.4,273.6,134.89,171.11,2226.59,1.37,86.57,3.35,1281.1100000000001,4187.55,1348.99,118.94000000000001,1.73,11.39,373.11,6720.05,9.7,225.32999999999998,158.82,279.2,3.81,1216.53,265.01,1.13,43.67,0.14,42.71,9.78,11.73,30.98,61.03,0.66,12.86,624.0600000000001,7.83,0.88,0.17,0.14,76.78,61.72,2.88,12.290000000000001,25.38,30.33,362.52,20.03,29.44,797.62,357.57,2710.82,0.3,3.54,0,-0.66,2438.45,32393.32,986.73,305.97,4583.03,0.01,0,0.76,607.3000000000001,0.13,0,0,0,0,0,0,0,0,0,0,0,0,0,0,0,0,0,0,0,0,0,0,0,0,0,0,0,0,0,0,0,0,0,0,0,0,0,0,0,0,0,0,0,0,0,0,0,0,0,0,0,0,0,0,0,0,0,0,0,0,0,0,0,0,0,0,0,0,0,0,0,0,0,0,0,0,0,0,0,0,0,0,0,0,0,0,0,0,0,0,0,0,0,0,0,0,0,0,0,0,0,0,0,0,0,0,0,0,0,0,0,0,0,0,0,0,0,0,0,0,0,0,0,0,0,0
2018-10,7.95,213.63,119.27,18.35,184.98,2.48,0.26,0.32,5.89,2.61,14.25,2.85,2.04,70.57000000000001,0.45,137.17,3.21,185.78,76.21000000000001,17696.22,6.21,125.12,1.33,78,4.86,1954.09,425.61,202.25,119.97,47.56,183.07,20.72,578.45,258.82,16.05,25.41,120.64,7.84,18584.93,0.08,238.35,53.65,225.60999999999999,1.43,0.060000000000000005,5.94,0.88,18.13,1.92,0,1983.02,0.6,0.02,6.67,3.8,446.96,80.92999999999999,41.93,55.62,220.25,5.21,52.47,36.43,177.78,43.47,244.58,115.8,180.2,2196.14,1.7,77.66,2.5,1179.56,3450.71,1197.74,99.76,0.22999999999999998,7.61,324.99,6010.36,8.52,187.79,143.8,255.41,3.1599999999999997,957.1700000000001,234.56,0.04,49.56,0.15,39.08,7.21,23.41,22.19,49.85,0.55,17.5,604.95,6.16,0.01,0.1,0.16,75.69,52.83,2.98,10.73,19.53,30.55,309.26,16.88,35.39,634.14,316.09,2439.4900000000002,0.12,3.5100000000000002,0,-2.01,1898.09,25461.19,926.53,231.18,3722.1,0.07,0,0.29,464.36,0.6,161.17,0,0,0,0,0,0,0,0,0,0,0,0,0,0,0,0,0,0,0,0,0,0,0,0,0,0,0,0,0,0,0,0,0,0,0,0,0,0,0,0,0,0,0,0,0,0,0,0,0,0,0,0,0,0,0,0,0,0,0,0,0,0,0,0,0,0,0,0,0,0,0,0,0,0,0,0,0,0,0,0,0,0,0,0,0,0,0,0,0,0,0,0,0,0,0,0,0,0,0,0,0,0,0,0,0,0,0,0,0,0,0,0,0,0,0,0,0,0,0,0,0,0,0,0,0
2018-11,7.0600000000000005,219.28,130.17000000000002,16.38,189.34,0.24000000000000002,0.28,0.45,3.5100000000000002,2.36,20.49,1.77,2.21,45.910000000000004,2.25,148.28,2.86,191.01,80.73,16613.94,5.88,124.10000000000001,0.23,75.8,4.83,2340.96,437.07,214.64000000000001,140.60999999999999,66.47,167.71,11,620.85,293.97,35.69,13.33,82,8.71,17821.489999999998,0.09,235.13,87.95,291.15,1.44,0.07,25.93,0.12,18.54,2.71,0,2012.18,0,0.8,4.2,3.3699999999999997,420.29,66.46,41.440000000000005,53.21,226.65,4.92,49.06,19.68,179.91,41.62,240.65,118.5,170.71,2072.77,2.23,74.96000000000001,2.64,1212.05,3312.34,1193.53,96.91,0.62,12.14,326.32,4515.66,7.42,168.58,132.6,251.61,2.75,1171.66,230.7,0.13,40.69,0.08,35.28,7.08,20.23,25.74,55.53,0.97,12.540000000000001,493.83,4.58,1.54,0.06,0.09,66.87,54.02,9.01,16.25,15.629999999999999,37.13,366.12,19.36,39.32,524.1899999999999,297.75,2544.36,1.52,4.52,0,-2,1426.3899999999999,21516.079999999998,711.27,183.03,3145.46,0.02,0,0.63,372.06,0.01,182.47,782.89,0,0,0,0,0,0,0,0,0,0,0,0,0,0,0,0,0,0,0,0,0,0,0,0,0,0,0,0,0,0,0,0,0,0,0,0,0,0,0,0,0,0,0,0,0,0,0,0,0,0,0,0,0,0,0,0,0,0,0,0,0,0,0,0,0,0,0,0,0,0,0,0,0,0,0,0,0,0,0,0,0,0,0,0,0,0,0,0,0,0,0,0,0,0,0,0,0,0,0,0,0,0,0,0,0,0,0,0,0,0,0,0,0,0,0,0,0,0,0,0,0,0,0,0
2018-12,5.16,168.45,102.11,15.6,148.59,0.42,0.33,0.34,3.83,2.18,16.72,2.82,1.74,41.68,1.33,165.51,15.17,172.78,62.88,14019.41,5.27,100.06,0.18,64.35,5.44,1744.78,521.05,205.12,104.95,42.1,154.53,9.64,487.16,253.35999999999999,15.06,22.65,97.36,7.46,15340.539999999999,0.09,242.51,54.620000000000005,234.87,1.39,0.1,13.44,0.2,24.17,12.43,0,1827.86,0.28,0.14,3.12,12.850000000000001,395.83,92.74,142.04,48.2,225.99,5.21,39.45,14.26,163.15,43.22,238.1,98.21000000000001,155.41,2058.1,1.62,73.16,2.23,1115.65,2719.15,1046.23,84.27,0.49,9.86,305.94,6113.65,6.44,317.52,140.34,222.46,6.31,992.86,202.95,0.06,35.96,0.06999999999999999,33.64,8.54,11.89,39.089999999999996,50.97,1.3699999999999999,11,443.19,3.76,0.78,0.03,0.21,70.06,51.39,6.44,9.3,18.16,40.15,312.13,19.37,23.21,432.79999999999995,243.71,2352,0.38,2.62,0,-1.5399999999999998,1263.91,16935.68,682.0500000000001,161.10999999999999,2353.28,0.07,0,0.5900000000000001,346.95,0.05,121.92999999999999,482.33,0,0,0,0,0,0,0,0,0,0,0,0,0,0,0,0,0,0,0,0,0,0,0,0,0,0,0,0,0,0,0,0,0,0,0,0,0,0,0,0,0,0,0,0,0,0,0,0,0,0,0,0,0,0,0,0,0,0,0,0,0,0,0,0,0,0,0,0,0,0,0,0,0,0,0,0,0,0,0,0,0,0,0,0,0,0,0,0,0,0,0,0,0,0,0,0,0,0,0,0,0,0,0,0,0,0,0,0,0,0,0,0,0,0,0,0,0,0,0,0,0,0,0,0
2019-01,5.77,170.84,218.77,17.83,181.97,0.47000000000000003,0.67,0.36,6.82,2.77,21.77,1.71,1.8900000000000001,51.47,0.52,202.9,2.87,209.3,56.35,17012.69,6.1000000000000005,121.8,6.7700000000000005,69.71,6.5,2066.87,579.66,295.03000000000003,141.62,71,186.72,20.34,635.65,256.84,23.04,13.49,100.09,10.06,18161.37,0.12000000000000001,238.48,64.31,308.4,1.95,0.06,9.08,0.1,8.32,67.62,0,2088.88,0.26,0.08,4.22,1.94,436.84000000000003,63.39,88.23,68.96,240.93,9.47,52.07,16.76,192.15,45.52,273.02,114.99,183.75,2316.59,2.39,81.37,2.98,1119.82,3382.38,1344.6599999999999,90.37,0.27,11.93,261.92,7259.16,9.82,182.21,140.27,253.88,2.75,1408.05,266.22,0.17,41.72,0.2,40.48,11.110000000000001,15.06,31.82,52.53,2.25,13.03,512.1899999999999,4.97,0.01,0.13,0.22,79.76,65.11,5.47,10.66,19.76,49.480000000000004,348.69,19.93,24.41,562.05,301.51,2646.79,1.18,3.75,0,42.43,1731.93,19842.239999999998,1014.39,275.8,2706.27,0.86,0,12.78,613.53,0.53,80.83,744.23,0,0,0,0,0,0,0,0,0,0,0,0,0,0,0,0,0,0,0,0,0,0,0,0,0,0,0,0,0,0,0,0,0,0,0,0,0,0,0,0,0,0,0,0,0,0,0,0,0,0,0,0,0,0,0,0,0,0,0,0,0,0,0,0,0,0,0,0,0,0,0,0,0,0,0,0,0,0,0,0,0,0,0,0,0,0,0,0,0,0,0,0,0,0,0,0,0,0,0,0,0,0,0,0,0,0,0,0,0,0,0,0,0,0,0,0,0,0,0,0,0,0,0,0
2019-02,5.56,193.74,95.57000000000001,15.47,183.42,0.24,0.2,0.39,4.39,2.08,16.919999999999998,1.94,1.49,48.6,0.73,181.1,2.43,179.57,87.67,16138.02,6.159999999999999,115.3,0.15,55.25,7.859999999999999,2164.84,460.58,234.56,151.8,82.82,181.96,10.75,643.23,239.87,23.46,14.31,100.59,9.15,17885.25,0.09,217.4,67.16,351.51,1,0.03,7.65,0.72,10.24,4.72,0,2270.66,0.46,0.07,4.69,1.1800000000000002,380.91,65.07000000000001,39.81,63.35,239.12,4.93,43.84,25.13,159.81,51.39,240.25,88.95,157.51,1621.66,2.57,80.99,2.15,1114.21,3046.91,1175.36,83.63000000000001,0.47000000000000003,4.82,328.41,6579.14,7.1,169.54,142,269.6,2.63,1562.54,276.61,1.4200000000000002,34.77,0.19,33.22,12.53,10.4,30.48,51.42,1,12.1,418.88,3.75,0.11,0.15,0.17,89.03999999999999,85.87,12.28,10.21,20.42,38.870000000000005,331.07,32.18,27.02,526.17,292.53,2679.35,1.3900000000000001,2.2800000000000002,0.9,0.5,1243,17670.84,509.93,164.12,2504.44,0.01,0,0.11,297.29,0.03,78.22,563.95,102.22,0,0,0,0,0,0,0,0,0,0,0,0,0,0,0,0,0,0,0,0,0,0,0,0,0,0,0,0,0,0,0,0,0,0,0,0,0,0,0,0,0,0,0,0,0,0,0,0,0,0,0,0,0,0,0,0,0,0,0,0,0,0,0,0,0,0,0,0,0,0,0,0,0,0,0,0,0,0,0,0,0,0,0,0,0,0,0,0,0,0,0,0,0,0,0,0,0,0,0,0,0,0,0,0,0,0,0,0,0,0,0,0,0,0,0,0,0,0,0,0,0,0,0
2019-03,6.41,180.07,49.49,10.280000000000001,175.43,0.09,0.19,0.31,4.31,1.62,16.52,2.52,1.18,42.14,2.85,167.1,1.52,160.33,69.16,15661.68,5.93,103.55,0.18,57,8.38,1789.8700000000001,409.47,216.49,134.09,64.47,161.24,9.67,509.74,223.35,12.09,11.7,84.5,8.4,16445.239999999998,0.08,204.99,59.72,304.37,1.28,0.06,10.24,1.82,8.81,3.5,0,1983.3,0.63,0,6.24,1.1199999999999999,359.75,44.6,36.3,54.92,211.67,3.76,47.25,15.46,164.54,45.7,247.31,21.49,146.69,662.74,2.09,84.72,2.5,937.49,2817.28,1025.86,78.71,0.1,0,303.29,5488.5599999999995,6.98,156.95,129.42,238.84,2.02,1334.58,224.05,1.03,32.58,0.06,35.25,11.55,19.69,21.35,43.62,0,11.6,394.15,3.16,1.03,0.05,0.1,68.69,69.08,7.07,21.98,11.88,25.939999999999998,276.54,24.88,31.92,515.78,296.97,2340.8,1.18,1.96,0,0.61,1312.3300000000002,15975.61,411.08,113.98,2148.67,0.08,0,-0.20999999999999996,269.77,0.29,67.78,299.58,70.01,2.4899999999999998,0,0,0,0,0,0,0,0,0,0,0,0,0,0,0,0,0,0,0,0,0,0,0,0,0,0,0,0,0,0,0,0,0,0,0,0,0,0,0,0,0,0,0,0,0,0,0,0,0,0,0,0,0,0,0,0,0,0,0,0,0,0,0,0,0,0,0,0,0,0,0,0,0,0,0,0,0,0,0,0,0,0,0,0,0,0,0,0,0,0,0,0,0,0,0,0,0,0,0,0,0,0,0,0,0,0,0,0,0,0,0,0,0,0,0,0,0,0,0,0,0,0
2019-04,6.6899999999999995,259.48,152.54,12.62,199.32999999999998,0.68,0.22,0.43,6.43,1.75,18.39,1.48,1.5999999999999999,54.83,1.6300000000000001,249.14,3.68,209.21,74.76,19350.48,6.47,119.42999999999999,2.06,64.05,8.25,2250.53,383.22,260.31,99.76,45.72,195.31,15.78,619.13,250.35,11.89,17.97,116,9.19,21928.39,0.09,272.64,75.11,475.47,1.03,0.02,5.35,0.58,11.85,2.04,0,2212.88,1.1300000000000001,0.92,9.62,3.07,366,82.01,133.25,74.25,245.4,5.12,50.81,24.81,198.54,52.91,312.02,26.86,196.26,1127.27,3.41,79.16,2.33,1092.88,3454.64,1201.21,86.77,0.7100000000000001,0.41,356.72,5000.91,8.23,162.79,148.29,304.84000000000003,2.42,1485.3,222.01,3.09,42.05,0.28,44.92,10.4,19.34,21.16,57.64,0.07,13.94,501.86,3.68,0.27999999999999997,0.31,0.14,80.72,50.97,4.72,11.67,23.11,26.6,315.6,29.51,29.96,650.66,328.2,2844.45,0.75,2.63,0.9,0.35,1697.05,19445.92,658.57,157.36,2318.34,0.3,0,0,394.15,0.61,84.4,339.2,61.97,34.01,21.7,104.09,0,0,0,0,0,0,0,0,0,0,0,0,0,0,0,0,0,0,0,0,0,0,0,0,0,0,0,0,0,0,0,0,0,0,0,0,0,0,0,0,0,0,0,0,0,0,0,0,0,0,0,0,0,0,0,0,0,0,0,0,0,0,0,0,0,0,0,0,0,0,0,0,0,0,0,0,0,0,0,0,0,0,0,0,0,0,0,0,0,0,0,0,0,0,0,0,0,0,0,0,0,0,0,0,0,0,0,0,0,0,0,0,0,0,0,0,0,0,0,0
2019-05,6.32,206.37,92.73,12.13,152.15,0.53,0.25,0.39,5.51,2.07,18.65,1.26,1.31,57.26,0.62,256.24,4.27,193.92,98.6,18165.96,6.390000000000001,140.2,5.949999999999999,65.41000000000001,6.640000000000001,2534.58,452.35,258.17,128.24,37.76,177.86,12.22,657.87,260.91,11.96,17.47,84.08,11.59,21068.52,0.16,272.29,86.38,413.32,1.1500000000000001,0.06,24.3,0.31,20.64,2.73,0,2115.62,0.67,0.09,7.66,0.93,348.45,54.99,148.76000000000002,68.66,235.96,8.06,53.81,20.52,243.5,41.68,285.15,29.53,201.23,799.6800000000001,2.2,68.13,1.93,1185.71,3579.44,1222.16,94.35000000000001,0.09,0,329.92,5640.61,7.38,151.48,112.02,277.47,3.12,1727.39,220.16,0.09,40.5,0.1,42.17,10.29,17.16,22.94,49.160000000000004,0,10.06,505.36,3.4699999999999998,0.07,0.13,0.29,60.7,53.69,3.83,18.82,15.74,30.68,333.26,34.16,32,639.48,218.38,2667.66,2.77,5.09,0,0.31,1588.61,17856.89,465.64000000000004,132.3,2519.28,0,0,0,355.27,0,87.63,311.96999999999997,37.87,16.509999999999998,18.759999999999998,357.87,178.81,6133.49,10.27,0.43,29.57,273.96999999999997,538.94,58.41,1.4,2.94,0,0,0,0,0,0,0,0,0,0,0,0,0,0,0,0,0,0,0,0,0,0,0,0,0,0,0,0,0,0,0,0,0,0,0,0,0,0,0,0,0,0,0,0,0,0,0,0,0,0,0,0,0,0,0,0,0,0,0,0,0,0,0,0,0,0,0,0,0,0,0,0,0,0,0,0,0,0,0,0,0,0,0,0,0,0,0,0,0,0,0,0,0,0,0,0,0,0,0,0,0,0,0,0,0,0,0,0,0,0
2019-06,7.529999999999999,202.2,110.42,13.86,280.16,0.26,0.28,0.17,8.19,2.85,22.94,1.3699999999999999,1.58,88.17,2.83,301.01,2.7600000000000002,251.12,98.02,22429.35,6.8,133.03,0.22000000000000003,70.14999999999999,6.0600000000000005,2540.13,396.45,255.87,107.33,38.48,187.07,9.49,636.6,269.23,28.52,19.740000000000002,74.86,8.45,24117.899999999998,0.06,311.24,73.11,462.38,1.38,0.05,9.84,0.68,14.07,6.03,0,2334.31,4,0.75,5.43,1,466.69,57.09,45.56,95.42,264.73,5.64,76.31,38.54,221.36,46.36,324.98,26.919999999999998,221.47,720.57,1.9500000000000002,80.66,2.27,1284.48,3813.2,1322.6,94.98,0.15,0.49000000000000005,385.79,4746.71,7.9,173.1,116.39,308.54,2.53,1588.96,223.81,2.33,46.86,0.1,44.76,7.51,22.06,22.48,59.58,0.2,10.02,562.91,3.48,1.48,0.11,0.17,84.65,54.42,5.52,16.2,23.490000000000002,29.15,311.64,29.240000000000002,33.81,795.65,396.42,3034.18,2.4,1.69,0,-0.48999999999999994,1853.69,20258.23,510.87,142.76,2885.27,0.01,0,0,383.73,0,87.87,249.78,70.68,21.02,43.55,2491.31,105.97,3742.52,12.26,0.18,1072.19,106.44,1098.29,27.14,0.9,3.6799999999999997,39.1,80.91,43.089999999999996,0.03,0,0,0,0,0,0,0,0,0,0,0,0,0,0,0,0,0,0,0,0,0,0,0,0,0,0,0,0,0,0,0,0,0,0,0,0,0,0,0,0,0,0,0,0,0,0,0,0,0,0,0,0,0,0,0,0,0,0,0,0,0,0,0,0,0,0,0,0,0,0,0,0,0,0,0,0,0,0,0,0,0,0,0,0,0,0,0,0,0,0,0,0,0,0,0,0,0,0,0,0,0,0,0,0,0,0
2019-07,2.88,173.47,93.43,12.08,232.61,0.32,0.2,0.22,5.82,3.29,16.26,1.83,1.47,58.910000000000004,2.94,297.45,2.71,224.27,91.59,23331.4,7.44,137.44,2.04,42.53,7.7700000000000005,2318.81,587.27,242.87,89.22,38.79,196.08,30.779999999999998,667.21,269.07,16.79,16.28,93.28,10.19,23994.92,0.11,310.87,84.64,402.06,0.86,0.02,10.53,0.78,13.540000000000001,1.31,0,2214.31,1.53,0.2,5.98,0.7,452.21,52.96,48.050000000000004,96.19,256.85,7.7,85.79,42,197.87,40.54,285.2,30,211.89,760.2,2.2800000000000002,73.25,1.8699999999999999,1252.7,3559.65,1261.43,48.89,0.11,0,238.85,5560.47,8.96,150.05,140.06,309.97,1.83,1581.01,259.83,3.21,46.8,0.14,48.28,8.38,18.86,21.47,54.44,0,12.19,540.37,3.03,0.91,0.12000000000000001,0.21,95.58,51.01,10.99,13.4,16.04,48.22,357.88,21.080000000000002,27.96,1139.47,407.35,3058.57,0.32,1.73,1.19,-0.6699999999999999,2528.7200000000003,21149.53,545.51,142.52,2681.61,0.25,0,0.25,295.27,0,58.45,197.05,16.669999999999998,7.7,5.1899999999999995,816.99,93.35000000000001,3062.43,3.35,0.24000000000000002,826.73,89.7,884.91,16.380000000000003,0.65,2.3,151.31,246.55,81.08,705.5400000000001,0,0,0,0,0,0,0,0,0,0,0,0,0,0,0,0,0,0,0,0,0,0,0,0,0,0,0,0,0,0,0,0,0,0,0,0,0,0,0,0,0,0,0,0,0,0,0,0,0,0,0,0,0,0,0,0,0,0,0,0,0,0,0,0,0,0,0,0,0,0,0,0,0,0,0,0,0,0,0,0,0,0,0,0,0,0,0,0,0,0,0,0,0,0,0,0,0,0,0,0,0,0,0,0,0,0
2019-08,0.44,182.37,124.63,11.67,315.39,0.83,0.41,1.59,7.26,3.5,23.15,1.71,1.42,54.269999999999996,1.2,432.07,4.57,246.85,100.11,27393.94,7.69,153.5,0.27999999999999997,20.7,7.750000000000001,2880.09,663.48,275.63,146.14,43.61,214.27,19.09,823.19,292.52,23.92,29.35,109.98,10.98,27834.1,0.11,323,75.58,420.47,1.7,0.03,9.31,0.38,25.05,1.6400000000000001,0,2636.22,0.73,0.12000000000000001,4.04,1.05,475.82,62.65,52.5,106.56,327.71,7.16,58.300000000000004,48.34,220.29,45.230000000000004,340.58,29.94,223.14000000000001,688.02,2.81,86.52,2.2600000000000002,1392.92,4196.7699999999995,1322.94,19.490000000000002,0.09,0,197.35,6313.19,8.32,187.8,191.97,358.55,1.57,1779.49,313.27,1.26,47.74,0.18,49.24,8.77,23.36,31.95,68.92,0,19,640.55,3.03,0.23,0.09,0.25,149.46,69.88,5.4,14.41,46.47,41.839999999999996,438.41,26.07,44.56,1156.59,461.03999999999996,3666.95,2.71,4.6,0,-0.54,2345.99,23013.37,461.56,110.47,3473.35,0.01,0.01,0,210.35,0,44.41,273.37,27.58,8.84,3.66,469.15,90.25,3277.86,1.73,0.18,733.03,113.29,744.36,12.81,0.5900000000000001,1.2,193.1,174.43,35.07,1227.95,166.64000000000001,375.6,171.53,141.33,47.44,0,0,0,0,0,0,0,0,0,0,0,0,0,0,0,0,0,0,0,0,0,0,0,0,0,0,0,0,0,0,0,0,0,0,0,0,0,0,0,0,0,0,0,0,0,0,0,0,0,0,0,0,0,0,0,0,0,0,0,0,0,0,0,0,0,0,0,0,0,0,0,0,0,0,0,0,0,0,0,0,0,0,0,0,0,0,0,0,0,0,0,0,0,0,0,0,0,0,0,0,0
2019-09,1.3699999999999999,174.44,117.91,12.03,257.37,3.94,0.23,0.27,5.7700000000000005,2.91,19.38,2.0500000000000003,1.68,54.65,1.16,328.43,1.94,245.29,74.19,25727.82,7.43,134.4,0.43000000000000005,29.5,8.21,2384.05,615.95,283.75,121.59,37.11,205.3,11.5,682.22,304.91,19.81,26.19,89.1,10.7,26419.57,0.1,311.44,87.92,317.69,1.5,0.06,5.05,0.32,28.01,2.84,0,2428.15,0.88,0.14,4.8,0.68,443.45,56.9,150.75,103.56,279.36,4.37,54.99,38.85,212.35,43.23,344.09,39.15,208.93,972.33,1.66,84.51,2.31,1162.65,3996.67,1521.57,32.86,0.12,0.6,212.53,5918.25,8.41,168.33,264.07,382.14,1.95,1694.97,248.13,0.8,43.23,0.16,53.02,9.14,21.17,21.830000000000002,70.73,0.1,10.86,674.49,3.4,0.24,0.07,0.34,123.6,62.52,6.14,13.64,53.02,49.52,346.68,23.07,46.27,942.81,543.25,3403.54,0.15,2.47,0.4,0.14,2049.55,22341.76,555.66,127.13,2892.73,0,0,0,254.66,0,56.86,309.19,14.200000000000001,5.89,2.7,316.9,64.07000000000001,2522.05,1.58,0.35,550.32,75.51,645.7,8.76,1.14,1.61,142.57999999999998,41.45,24.64,795.9,410.74,325.6,144.21,51.51,23.57,52.29,83.24000000000001,147.7,0.67,285.2,87.7,4.94,6.68,0,0,0,0,0,0,0,0,0,0,0,0,0,0,0,0,0,0,0,0,0,0,0,0,0,0,0,0,0,0,0,0,0,0,0,0,0,0,0,0,0,0,0,0,0,0,0,0,0,0,0,0,0,0,0,0,0,0,0,0,0,0,0,0,0,0,0,0,0,0,0,0,0,0,0,0,0,0,0,0,0,0,0,0,0,0,0,0,0,0,0,0,0
2019-10,0.38,140.57,69.25,8.06,186.9,0.32,0.24,0.15,6.58,5.83,14.44,1.18,1.24,44.52,1,288.02,1.72,196.17,61.1,19684.48,4.84,111.78,5.74,18.52,5.37,2355.26,457.36,220.68,89.16,33.44,153.59,7.23,644.75,225.42,15.44,17.13,70.95,8.32,20224.41,0.03,244,78.07000000000001,280.48,0.99,0.03,9.97,6.96,12.9,1.3800000000000001,0,2044.93,1.05,0.03,4.47,0.29,357.54,46.449999999999996,40.49,65.98,273.56,3.85,42.24,31.73,174.4,28.29,283.77,20.76,179.71,586.5899999999999,1.3,70.95,1.5,982.3,2658.39,1190.22,18.28,0.09,0,152.35,4814.21,6.72,121.31,158.14,300.14,2.13,1510.43,214.24,7.75,37.28,0.11,40.35,6.84,20.55,23.21,59.19,0,9.51,580.19,2.86,0.71,0.05,0.12,91.43,53.19,2.24,11.49,36.03,33.49,330.68,17.89,28.38,603.37,418.6,2769.66,0.75,2.37,0.9,0.05,1313.99,16243.83,366.28000000000003,82.42,2288.17,0,0,0.63,183.5,0,29.91,538.59,10.97,6.47,2.43,268.51,48.82,2452.35,1.14,0.17,457.92,64.76,829.63,8.209999999999999,0.6,1.1600000000000001,138.93,31.28,15.97,1127.7,323.6,265.56,62.38,21.15,8.27,43.55,22.13,482,4.42,126.61,28.12,6.44,5.75,0,0,0,0,0,0,0,0,0,0,0,0,0,0,0,0,0,0,0,0,0,0,0,0,0,0,0,0,0,0,0,0,0,0,0,0,0,0,0,0,0,0,0,0,0,0,0,0,0,0,0,0,0,0,0,0,0,0,0,0,0,0,0,0,0,0,0,0,0,0,0,0,0,0,0,0,0,0,0,0,0,0,0,0,0,0,0,0,0,0,0,0,0
2019-11,0.21,175.13,79.99,8.28,173.18,0.46,0.16,0.26,9.51,4.32,14.83,1.16,1.25,79.41,0.36,228.85999999999999,2.3,303.89,65.47,18998.79,5.16,110.23,3.37,15.35,5.1000000000000005,2149.81,453.54,256.97,96.97,27.13,167.06,8,584.45,243.18,9.52,12.93,96.33,9.74,19790.84,0.04,232.16,85.74,266.99,0.96,0.01,5.73,0.11,15.15,1.32,0,2089,0.26,0.05,3.35,0.74,327.2,44.31,132.18,60.71,306.53,4.74,44.23,32.89,156.84,60.57,299.82,20.37,192.1,537.73,2.17,68.61,1.64,996.1,2762.02,1039.77,13.88,0.06,0,143.97,4447.44,7.260000000000001,149.52,166,291.77,1.33,1557.55,218.44,0.26,34.78,0.15,37.38,7.05,42.57,22.96,56.12,0,7.29,515.83,2.38,0.07,0.13,0.11,76.8,89.66,2.45,11.27,25.31,38.44,377.81,19.6,31.3,496.37,363.57,2674.34,0.3,1.79,0,-0.7999999999999999,1042.8700000000001,15691.92,315.71999999999997,75.95,1985.29,0,0,0,139.86,0,25.26,339.88,9.26,6.859999999999999,2.56,295.4,43.59,2169.59,1.02,0.11,446.52,54.74,722.61,7.41,0.57,1.18,103.65,32.88,16.98,1078.81,380.64,258.46,25.45,18.48,6.7,30.52,18.169999999999998,1307.83,1.52,48.54,9.790000000000001,1.48,2.17,27.150000000000002,0,0,0,0,0,0,0,0,0,0,0,0,0,0,0,0,0,0,0,0,0,0,0,0,0,0,0,0,0,0,0,0,0,0,0,0,0,0,0,0,0,0,0,0,0,0,0,0,0,0,0,0,0,0,0,0,0,0,0,0,0,0,0,0,0,0,0,0,0,0,0,0,0,0,0,0,0,0,0,0,0,0,0,0,0,0,0,0,0,0,0,0
2019-12,0.35,165.61,70.36,5.78,158.55,1.6800000000000002,0.14,1.5899999999999999,5.23,3.41,15.6,0.85,1.22,75.26,0.21000000000000002,211.39000000000001,1.28,192.62,55.65,16038.619999999999,4.1,90.11,0.24,9.59,4.25,1978.44,467.25,201.45,76.74,31.04,133.41,12.02,518.98,224.46,12.76,13.37,79.41,8.52,16753.47,0.16,167.02,54.19,263.14,0.79,0.01,5.5,0.43,31.330000000000002,4.07,0,1662.07,0.04,0.15,4.01,0.62,347.87,38.92,32.35,58.83,260.83,3.72,47.87,31.93,132.13,29.01,283.29,17.13,161.43,541.84,3.1599999999999997,57.82,2.5300000000000002,842.71,2109.25,957.5500000000001,4.81,0.13,0.02,126.85,3944.32,5.91,140.10999999999999,132.41,274.6,2.52,1435.08,201.21,0.55,28.150000000000002,0.4,35.85,6.25,24,18.13,41.98,0.02,7.23,444.01,2.38,0.03,0.16,0.21,62.54,49.39,1.87,16.82,16.96,0,333.13,16.72,23.97,404.61,316.91,2225.2400000000002,1.06,2.94,0,0.05,901.9399999999999,13318.869999999999,305.03,76.23,1628.59,0,0,0,135.2,0,21.25,202.9,6.05,5.61,2.04,181.99,36.04,1738.6100000000001,0.9299999999999999,0.17,489.88,38.28,763.26,6.91,0.53,0.6900000000000001,111.36999999999999,23.16,15.19,967.87,801.38,180.72,17.22,18.64,6.35,29.91,14.379999999999999,472.94,0.9600000000000001,32.86,10.41,1.06,1.9000000000000001,1683.01,36.68,386.01,0,0,0,0,0,0,0,0,0,0,0,0,0,0,0,0,0,0,0,0,0,0,0,0,0,0,0,0,0,0,0,0,0,0,0,0,0,0,0,0,0,0,0,0,0,0,0,0,0,0,0,0,0,0,0,0,0,0,0,0,0,0,0,0,0,0,0,0,0,0,0,0,0,0,0,0,0,0,0,0,0,0,0,0,0,0,0,0,0,0
2020-01,0.18,122.06,77.59,6.45,131.12,0.19,0.17,0.35000000000000003,4.33,1.35,14.96,0.96,1.22,45.58,2.16,196.32,2.14,153.2,45.64,15581.84,4.27,77.43,1.82,10.22,4.04,1925.56,493.92,206.7,80.06,124.3,131.03,8.6,538.35,218.96,10.59,16.18,76.76,6.42,16278.76,0.13,174.7,49.12,421.02,0.62,0.02,5.99,0.77,15.02,21.96,0,1610.96,2.6,0.22,7.53,0.49000000000000005,349.27,41.64,31.74,51.84,230.64,9.709999999999999,37.81,36.54,134.12,29.47,244.46,17.86,157.76,533.37,2.55,56.3,1.7100000000000002,1017.5500000000001,2072.4,861.13,4.17,0.24,0,116.58,3985.46,6.69,144.82,126.67,269.46,1.69,1513.13,198.16,1.29,28.57,0.13,36,5.2,14.49,21.63,43.64,0,6.67,442.69,3.25,5.91,0.06999999999999999,0.28,55.08,163.46,7.58,17.5,26.06,78.29,292.01,55.68,23.59,392.03,288.44,2199.2,1.2,2.3,1.79,-1.5699999999999998,888.5600000000001,12710.76,311.52,75.74,1611.43,0,0,0.27,137.64,0.54,19.54,280.65,9.07,5.89,2.82,207.54,41.9,1728.7,1.09,0.35,562.31,101.01,1037.32,7.66,0.8,0.71,132.67000000000002,27.3,10.2,1288.72,1471.71,153,33.05,12.48,6.71,31.55,11.88,374.37,0.83,30.36,6.5,2.11,2.22,1207.49,44.16,322.36,0.26,1.22,196.5,584.03,0,0,0,0,0,0,0,0,0,0,0,0,0,0,0,0,0,0,0,0,0,0,0,0,0,0,0,0,0,0,0,0,0,0,0,0,0,0,0,0,0,0,0,0,0,0,0,0,0,0,0,0,0,0,0,0,0,0,0,0,0,0,0,0,0,0,0,0,0,0,0,0,0,0,0,0,0,0,0,0,0,0,0,0,0,0
2020-02,0.67,162.55,115.86,12.89,170.25,0.32,0.24,0.27,5.32,2.78,21.64,1,1.58,51.2,0.78,216.46,1.53,227.24,78.21,20666.239999999998,5.49,121.9,1.73,15.11,6,2420.37,510.53000000000003,242.31,132.07,369.6,166.71,12.370000000000001,621.33,306.37,10.59,23.85,89.1,8.71,21960.14,0.36,231.48,68.10000000000001,883.54,0.84,0.02,5.64,0.04,15.68,3.1,0,2363.83,0.09,0.15,12.49,0.61,412.18,54.76,122.31,79.01,303.81,25.6,48.18,49.6,174.04,32.660000000000004,281.57,23.72,241.51,554.86,2.5300000000000002,80.38,2.19,1365.59,3046.9900000000002,1105.33,11.610000000000001,0.1,0,185.55,5220.69,7.12,143.44,190.52,338.75,1.7,1923.67,242.7,0.08,30.8,0.12000000000000001,41.78,7.380000000000001,19.7,28.02,53.59,0,7.36,554.49,2.9,0.05,0.09,0.6,74.47,428.75,24,14.26,18.330000000000002,52.08,373.23,111.5,34.8,528.76,414.83,2963.76,0.08,4.11,0,0.09,1153.67,17148.79,326.90000000000003,80.00999999999999,2012.48,0,0,0,149.44,0,30.1,279.11,10.92,12.4,5.34,297.58,55.02,2535.12,1.62,0.61,646.27,287.28000000000003,1127.64,9.440000000000001,1.52,1.42,113.15,56.34,18.39,1588.7,1485.73,190.34,52.52,15.36,9.35,26.130000000000003,15.62,348.73,1.21,33.56,7.510000000000001,2,0.96,1316.96,92.07,157.32,0.35000000000000003,1.64,140.85,1139.19,0,0,0,0,0,0,0,0,0,0,0,0,0,0,0,0,0,0,0,0,0,0,0,0,0,0,0,0,0,0,0,0,0,0,0,0,0,0,0,0,0,0,0,0,0,0,0,0,0,0,0,0,0,0,0,0,0,0,0,0,0,0,0,0,0,0,0,0,0,0,0,0,0,0,0,0,0,0,0,0,0,0,0,0,0,0
2020-03,0.1,120.44,118.74,10.61,122.13,0.26,0.25,0.16999999999999998,5.99,1.27,14.31,0.85,1.34,48.65,0.33,189.09,2.96,191.41,60.64,18175.8,4.18,94.75,1.46,9.35,4.49,2031.41,548.48,219.26,92.06,426.31,124.45,7.0200000000000005,567.58,288.2,8.52,27.01,75.3,6.53,19149.75,0.25,187.8,62.98,845.89,0.89,0.12000000000000001,7.16,0.11,12.11,14.68,0,1992.86,1.4,0.16,10.02,0.66,361.46,43.95,29.97,64.58,264.36,19.55,34.66,32.87,132.97,39.14,270.12,17.76,191.87,585.35,1.19,71.46,2.84,1314.84,2358.14,986.6700000000001,3.71,0.18,0,146.13,4542.47,6.430000000000001,134.49,159.22,272.81,1.78,1622.2,371.16,1.16,35.9,0.16,33.85,5.87,68.83,41.410000000000004,46.57,0,6.7,520.8,2.83,0.06,0.09,1.4200000000000002,78.67999999999999,480.82,28.11,13.09,23.580000000000002,33.39,291.85,97.01,38.08,383.71000000000004,441.53000000000003,2493.85,0.17,1.9400000000000002,0.91,-0.7999999999999999,909.1,14551.269999999999,304.61,64.98,1733.89,0,0,0,122.64,0,20.89,285.01,7.39,9.31,2.52,182.06,50.9,1957.13,2.75,0.51,623.3,319.82,978.44,8.53,1.6500000000000001,1.9,92.64,36.21,13.43,1637.33,1508.72,198.54999999999998,54.230000000000004,8.94,6.72,25.1,14.129999999999999,288.8,1.6,28.5,6.79,0.84,3.31,1423,95.8,131.82,84.28,0.62,127.13,845.4399999999999,3.69,227.05,112.47,0,0,0,0,0,0,0,0,0,0,0,0,0,0,0,0,0,0,0,0,0,0,0,0,0,0,0,0,0,0,0,0,0,0,0,0,0,0,0,0,0,0,0,0,0,0,0,0,0,0,0,0,0,0,0,0,0,0,0,0,0,0,0,0,0,0,0,0,0,0,0,0,0,0,0,0,0,0,0,0,0,0,0
2020-04,0.19,126.08,84.3,8.53,141.82,0.3,0.26,0.15,5.13,1.1199999999999999,20.61,0.81,1.14,48.83,1.62,186.32,3.37,171.42,78.56,18948.78,4.53,98.47,1.35,9.799999999999999,5.05,2185.36,450.74,229.88,115.31,367.95,131.43,16.19,564.12,276.64,9.45,25.12,69.98,7.69,19944.41,0.49,199.53,50.67,806.73,0.66,0.06,7.69,0.31,19.23,1.52,0,1990.77,1.37,0.35,9.07,0.37,389.84,42.79,33.98,80.21000000000001,244.03,22.78,45.42,41.47,163.74,45.62,241.01,20.35,214.32999999999998,525.34,1.31,62.980000000000004,1.93,1337.03,2491.29,1037.74,4.61,0.09,0,132.39000000000001,4267.97,7.79,124.16,177.42,297.09000000000003,1.78,1671.71,437.8,0.02,25.400000000000002,0.18,34.519999999999996,5.62,112.4,27.97,55.08,0,7.32,535.78,3.11,7.569999999999999,0.12,0.71,58.53,431.99,23.98,16.06,20.77,30.23,302.32,105.86,34.29,428.26,462.94,2433.61,1.09,3.68,0.05,0.04,936.1899999999999,14988.67,261.91,65.03,1664.6200000000001,0.3,0,0,102.95,0,18.47,256.84,6.99,9.77,2.58,179.73,39.86,1749.11,3.99,0.72,581.25,254.99,978.74,9.879999999999999,1.75,2.83,73.77,39.71,11.87,1904.12,1273.73,205.62,53.019999999999996,7.92,4.96,18.01,14.87,408.89,3.7,25.99,4.8100000000000005,1.01,2.05,1318.56,70.15,112.58,0.52,2.6399999999999997,125.38,844.26,8.19,478.65999999999997,270.47,588.51,83.5,0,0,0,0,0,0,0,0,0,0,0,0,0,0,0,0,0,0,0,0,0,0,0,0,0,0,0,0,0,0,0,0,0,0,0,0,0,0,0,0,0,0,0,0,0,0,0,0,0,0,0,0,0,0,0,0,0,0,0,0,0,0,0,0,0,0,0,0,0,0,0,0,0,0,0,0,0,0,0,0,0
2020-05,0.13,149.97,101.31,8.42,177.27,1.24,0.38,0.16,5.48,1.06,15.77,0.64,0.9600000000000001,52.4,0.98,238.6,1.85,160.1,76.67,20927.42,5.87,102.81,1.46,10.47,6.16,2726.2200000000003,493.28000000000003,230.63,96.86,391.35,146.10999999999999,11.59,665.98,315.87,10.5,33.71,78.68,10.38,21991.82,0.21,225.37,84.64,887.92,0.62,0.08,9.48,0.08,24.31,1.52,0,2154.48,1.26,0.83,9.66,0.49000000000000005,461.06,41.79,38.27,77.57,283.44,36.3,49.52,45.550000000000004,192.76,44.41,287.87,19.54,229,425.27000000000004,4.11,66.92,1.83,1413.9,2838.11,1084.19,4.35,0.15,0,148.2,4265.889999999999,7.54,134.44,202.32,348.17,1.71,1852.8500000000001,454.34,0.02,29.9,0.11,35.16,7.16,57.99,25.97,52.1,0,9.98,557.34,3.08,0.64,0.12000000000000001,0.5599999999999999,62.81,451.3,31.2,11.94,21.5,27.619999999999997,374.41,113.4,36.51,438.21999999999997,551.22,2647.05,4.05,4.19,0.02,-0.73,952.74,16597.41,220.99,65.9,1722.38,0,0,0,94.92,0,16.52,202.11,5.140000000000001,9.86,2.96,190.01,35.97,1793.89,1.74,0.5800000000000001,560.99,269.14,1010.91,7.29,1.9400000000000002,2.87,61.44,42.65,12.05,1891.87,1042.34,239.38,61.84,8.040000000000001,7.38,16.46,25.73,285.28000000000003,4.01,26.32,2.87,1.26,1.12,1240.75,68.16,116.14999999999999,0.13999999999999999,0.64,95.25,695.8,6.53,348.33,2873.13,648.21,91.67,0,37.300000000000004,74.54,6.8,395.82,0,0,0,0,0,0,0,0,0,0,0,0,0,0,0,0,0,0,0,0,0,0,0,0,0,0,0,0,0,0,0,0,0,0,0,0,0,0,0,0,0,0,0,0,0,0,0,0,0,0,0,0,0,0,0,0,0,0,0,0,0,0,0,0,0,0,0,0,0,0,0,0,0,0,0,0
2020-06,0.19,170.21,127.41,10.72,202.2,0.85,0.31,0.19,6.38,1.83,21.66,0.9500000000000001,1.4100000000000001,75.19,2.42,224.75,1.18,188.91,71,26042.73,6.47,117.14,1.98,9.76,6.47,2839.07,623.11,273.73,117.25,437.39,171.45,10.91,710.48,333.49,21.18,27.88,87.23,10.129999999999999,26270.62,0.6,290.96,101.13,990.41,1.1099999999999999,0.08,6.62,0.09,18.48,2.49,0,2836.71,2.73,0.7,5.45,0.44,537.69,49.26,45.550000000000004,92.16,342.87,28.45,56.11,45.589999999999996,281.42,49.22,332.05,22.830000000000002,255.65,555.55,3.08,74.92,3.2600000000000002,1689.95,3164.75,1409,4.81,0.2,0.01,163.1,5131.98,7.36,165.92,232.04,399.64,2.0900000000000003,2082.58,856.69,0.27,31.34,0.21,35.53,7.4799999999999995,70.57000000000001,56.58,70.05,0,9.05,739.65,3.63,0.06,0.13999999999999999,0.79,96.22,523.01,22.69,16.2,23.14,25.73,395.16,144.03,44.96,646.8100000000001,685.44,3031.6,1.27,2.74,0,0.03,1354.3,19814.95,274.33,77.82000000000001,1894.61,0,0,0,121.84,0,18.51,204.82999999999998,9.07,6.55,2.8600000000000003,218.93,49.55,2101.08,1.02,1.6500000000000001,642.5500000000001,265.48,1249.33,6.0200000000000005,3.14,3.16,77.8,39.1,16.59,1089.71,1274.96,277.85,61.14,9.4,8.19,23.63,26.16,272.31,2.14,29.15,6.9,0.6900000000000001,1.57,1211.58,64.06,138.8,2.04,0.83,106.33,757.0699999999999,4.13,541.99,2881.15,507.71999999999997,87.73,3.0700000000000003,250.76,91.75999999999999,7.01,400.26,529.78,62.1,39.94,0.05,0.65,6.58,0,0,0,0,0,0,0,0,0,0,0,0,0,0,0,0,0,0,0,0,0,0,0,0,0,0,0,0,0,0,0,0,0,0,0,0,0,0,0,0,0,0,0,0,0,0,0,0,0,0,0,0,0,0,0,0,0,0,0,0,0,0,0,0,0,0,0,0,0,0
2020-07,0.31,149.92,112.17,8.93,181.87,0.48,0.25,0.13999999999999999,7.5,1.3900000000000001,19.27,0.8200000000000001,1.6400000000000001,64.36,4.71,189.49,1.65,205.93,68.04,24533.829999999998,6.26,105.33,0.86,8.31,5.62,2579.92,591.5,248.26,115.1,394.03000000000003,161.28,16.37,657.88,313.91,24.37,21.97,98.18,8.33,24242.21,0.23,238.86,90.37,909.48,0.74,0.02,6.24,0.65,15.94,1.69,0,2875.42,0.75,0.37,6,1.1199999999999999,485.9,45.32,40.88,83.97,291.54,25.25,58.56,39.43,226.3,47.72,301.29,21.009999999999998,242.99,505.19,2.24,65.77,1.76,1667.02,2923.2400000000002,1320.09,3.9899999999999998,0.31,0,163.28,4687.91,6.04,144.54,226.54,374.07,1.54,1986.05,833.74,0.27,28.46,0.1,29.62,6.7,54.79,35.9,72.37,0,17.14,712.0600000000001,3.3000000000000003,1.13,0.14,0.6900000000000001,72.32,455.74,25.64,14.97,13.84,21.86,359.39,120.38,45.160000000000004,619.87,634.6,2753.84,0.19,2.86,0.01,-0.8099999999999999,1351.35,18492.02,239.21,62.13,1801.47,0,0,0,105.29,0.25,15.87,201.74,6.33,12.39,2.87,185.92,40.18,2165.4,1.28,0.54,594.98,234.8,1120.33,5.77,2.76,4.31,74.28,31.68,15.27,51.07,1232.67,251.27,60.28,12.03,3.9,19.2,26.68,195.44,1.3800000000000001,23.59,4.08,0.33,1.31,1033.9,43.57,107.26,122.74,0.43,78.17999999999999,717.83,3.78,697.88,1703.42,420.57,33,0.33,96.01,79.17,4.23,508.65999999999997,1488.78,57.1,919.58,0.07,2.01,218.16,1.4400000000000002,510.28999999999996,1.51,1.25,572.59,0.75,0,0,0,0,0,0,0,0,0,0,0,0,0,0,0,0,0,0,0,0,0,0,0,0,0,0,0,0,0,0,0,0,0,0,0,0,0,0,0,0,0,0,0,0,0,0,0,0,0,0,0,0,0,0,0,0,0,0,0,0,0,0,0,0
2020-08,0.21,177.55,127.77,9.89,184.58,0.73,0.34,0.19,7.38,1.53,32.27,0.8300000000000001,1.74,58.48,0.5900000000000001,233.31,2.33,177.95,89.79,25710.23,6.29,114.75,2.6100000000000003,7.609999999999999,6.45,2768.21,623.86,271.91,136.16,457.5,152.08,17.96,764.95,354.46,21.52,23.080000000000002,94.86,9.62,25410.59,0.44,276.26,71.92,991.19,0.73,0.1,7.01,0.11,16.49,1.53,0,2528.21,1.28,0.37,7.28,1,491.78,50.34,74.59,97.06,330.83,25.03,55.89,55.21,246.71,38.2,307.71,22.44,265.44,490.46,2.42,78.67,2.63,1606.1000000000001,3118.14,1330.46,3.78,0.13,0,182.93,5076.63,5.34,144.34,249.04,396.84,1.6900000000000002,2259.88,759.78,0.65,30.869999999999997,0.12,29.49,7.090000000000001,50.309999999999995,28.97,81.12,0,7.59,725.0400000000001,2.88,0.66,0.060000000000000005,0.49,85.53,480.13,22.27,14.86,15.47,23.63,407.6,122.14,36.08,630.48,641.63,2932.6,1.4,3.36,0.11,-0.7599999999999999,1408.76,18543.15,237.8,59.46,1914.62,0,0,0,105.01,0,17.2,210.69,4.84,12.94,2.88,204.76,38.19,1801.7,1.21,1.3599999999999999,602.7,268.37,1153.83,5.33,2.65,5,78.61,36.05,12.219999999999999,78.75999999999999,1329.16,320.93,67.67,9.3,4.61,21.22,24.84,216.85,1.88,20.56,5.1899999999999995,1.66,1.11,1117.51,46.31,120.08,0.15,0.75,96.78,776.8,2.5,813.51,1662.71,484.31,29.73,0.17,67.81,62.87,4.11,513.63,1017.0400000000001,33.36,10706.279999999999,0.01,12.32,235.79,0.99,132.76,800.4,319.86,591.27,662.4499999999999,299.24,0,0,0,0,0,0,0,0,0,0,0,0,0,0,0,0,0,0,0,0,0,0,0,0,0,0,0,0,0,0,0,0,0,0,0,0,0,0,0,0,0,0,0,0,0,0,0,0,0,0,0,0,0,0,0,0,0,0,0,0,0,0,0
2020-09,0.16,144.27,140.76,9.4,159.65,0.3,0.18,0.21000000000000002,8.34,1.25,19.39,2.94,1.6,55.08,0.47000000000000003,257.64,2.27,201.12,67.26,22626.98,5.16,71.31,0.84,6.71,4.63,2609.31,523.15,256.3,87.01,399.42,129.46,17.19,628.8000000000001,302.6,24.39,24.77,80.03,8.139999999999999,22311.27,0.59,238.74,58.69,984.51,0.7200000000000001,0.09,5.91,0.74,10.15,5,0,2014.29,1.91,0.48000000000000004,4.49,0.6,439.86,42.73,36.45,87.59,276.59000000000003,25.4,58,36.72,198.28,48.73,263.05,17.55,254.73,507.09,2.77,60.58,4.08,1556.99,2549.11,1254.88,3.46,0.13,0,153.8,4469.679999999999,4.96,137.68,160.05,372,3.93,2241.4700000000003,732.91,5.24,28.5,0.13,27.35,5.680000000000001,54.910000000000004,31.69,57.14,0,7.3100000000000005,718.65,2.5700000000000003,0.36,0.09,0.5700000000000001,88.46,482.15999999999997,28.82,13.44,13.290000000000001,23.75,393.15000000000003,114.02,41.1,501.14,661.15,2723.94,2.82,3.66,2.82,0.04,1226.98,15586.49,242.94,60.43,1848.44,0,0,0,110.77,0,17.46,226.37,5.42,7.56,2.47,216.2,36.65,1512.34,1.6,0.5599999999999999,616.49,235.71,1174.09,6.07,2.36,5.4399999999999995,91.07000000000001,31.07,11.129999999999999,111,1331.71,522.43,64.74,11.36,3.24,22.65,18.98,196.58,1.59,22.88,3.3400000000000003,0.9,0.52,996.95,42.1,99.58,84.93,0.75,75.8,650.51,2.2,741.3000000000001,1398.09,337.54,27.28,0.11,44.82,58.4,3.33,526.22,851.09,20.69,5132.2699999999995,2.21,8.07,84.51,0.14,46.65,94.41000000000001,211.04,140.37,128.88,135.56,6.18,0,0,0,0,0,0,0,0,0,0,0,0,0,0,0,0,0,0,0,0,0,0,0,0,0,0,0,0,0,0,0,0,0,0,0,0,0,0,0,0,0,0,0,0,0,0,0,0,0,0,0,0,0,0,0,0,0,0,0,0,0,0
2020-10,0.19,128.73,128.34,8.21,133.85999999999999,0.18,0.19,0.16999999999999998,5.04,1.26,19.69,1.3499999999999999,1.53,47.44,7.36,286.41,1.4,162.93,51.22,20227.41,4.22,60.09,0.46,6.3500000000000005,3.5700000000000003,2380.73,493.91,244.55,63.72,350.77,115.78999999999999,18.48,601.36,296.79,27.1,22.11,68.27,6.82,20623.98,0.46,231.61,53.65,907.87,0.5700000000000001,0.08,6.99,4.26,10.71,1.7,0,1884.79,1.38,0.49,5.04,0.75,419.23,37.98,106.35000000000001,72.53,284.24,22.73,47.44,40.12,178.96,36.410000000000004,257.74,15.52,229.64,539.04,7.16,53.7,1.53,1302.0900000000001,2514.62,1147.66,3.5999999999999996,0.22,0,139.65,4094.45,4.7,137.28,233.39,359.87,1.52,2524.9500000000003,812.77,2.04,32.2,0.09000000000000001,23.36,4.75,40.77,28.05,49.93,0,6.23,685.53,2.35,0.37,0.14,0.44,64.55,424.07,18.29,11.06,14.86,25.65,358.98,110.88000000000001,37.59,378.15999999999997,516.76,2368.75,2.57,1.6,0.09,0.01,884.91,13716.89,209.14000000000001,56.82,1646.5,0.62,0,0.94,99.50999999999999,0,14.57,166.79999999999998,5.01,7.29,2.08,164.82,28.77,1310.01,1.21,0.4,555.09,185.22,1092.05,4.68,2.37,5.64,102.69,30.32,10.32,51,1306.61,381.02,76.05,9.29,2.44,26.17,16.67,159.73,0.99,24.97,3.97,0.44,1.28,899.16,30.599999999999998,87.04,0.04,0.43,80.17,618.12,2.86,451.89,1173.4,252.75,21.02,0.06,34.18,59.46,4.47,396.63,543.3199999999999,20.59,3610.46,0.11,1.54,55.300000000000004,0.25,32.04,39.62,91.3,53.550000000000004,42.39,82.59,10.04,235.10999999999999,4.38,0.1,14.79,0,131.75,0,0,0,0,0,0,0,0,0,0,0,0,0,0,0,0,0,0,0,0,0,0,0,0,0,0,0,0,0,0,0,0,0,0,0,0,0,0,0,0,0,0,0,0,0,0,0,0,0,0,0,0,0,0,0,0
2020-11,0.62,132.65,111.42999999999999,8.95,128.75,0.68,0.21,0.22,9.71,0.9299999999999999,20.15,0.77,0.97,41.47,0.6,288.18,2.54,184.23,119.95,19741.56,4.52,62.01,0.44,5.47,3.97,2444.7400000000002,413.25,229.27,114.28999999999999,321.63,111.63,12.78,603.6700000000001,306.72,20.21,18.77,53.51,6.16,20235.28,0.26,227.9,52.26,929.39,0.79,0.15,5.63,0.04,13.040000000000001,3.48,0,1850.22,0.03,0.5700000000000001,5.7299999999999995,1.75,506.79,40.6,32.7,73.4,276.42,19.65,44.11,34.21,190.57999999999998,34.01,265.63,15.469999999999999,336.42,468.46,2.93,56.96,1.48,1304.4,2299.56,1107.85,3.0100000000000002,0.09,0,166.7,3371.02,3.83,121.18,140.27,324.91,1.43,2024,724.84,0.02,27.099999999999998,0.48,21.28,4.55,63.93,25.89,59.11,0,6.3100000000000005,651.83,2.34,0,0.44,0.46,61.12,388.92,17.39,18.83,13.65,28.62,358.11,97.69,39.910000000000004,349.14,472.40000000000003,2359.84,2.35,3.14,0,-0.7999999999999999,718.51,13341.359999999999,183.69,47.61,1692.62,0,0,0,79.35,0,15.12,180.63,4.7,8.45,2.11,162,27.54,1261.15,1.1300000000000001,0.55,559.37,178.48,1056.48,5.18,1.97,5.86,99.43,32.21,13.5,24.75,675.79,309.9,69.26,7.14,2.54,25.1,21.47,164.21,1.42,41.15,2.11,0.68,0.78,1650.03,26.76,76.72,0.05,0.5,67.4,617.96,2.31,320.45,1125.11,262.32,19.29,0.88,41.06,54.35,3.4899999999999998,308.67,376.34,17.13,3220.35,0,0.78,43.31,0.11,25.69,26.48,66.35,34.49,30.080000000000002,51.57,3.86,5202.58,2.95,3.68,335.77000000000004,0,58.1,4.4,395.4,81.42,1.4,15.700000000000001,0.24000000000000002,133.29,102.94,227.75,16.27,105.65,0,0,0,0,0,0,0,0,0,0,0,0,0,0,0,0,0,0,0,0,0,0,0,0,0,0,0,0,0,0,0,0,0,0,0,0,0,0,0,0,0,0,0,0,0
2020-12,0.5,126.48,65.93,9.56,149.06,2.26,0.22,0.19,6.01,2.01,19.14,0.92,1.52,43.4,0.8,253.17,1.84,183.51,84.9,20651.44,5.61,76.81,1.54,6.41,4.34,2405.69,606.77,262.77,75.33,356.87,128.59,11.39,623.32,329.57,19.82,23.34,66.38,6.8999999999999995,21232.73,0.26,218.88,66.25,1005.02,0.6799999999999999,0.15,7.84,0.01,16.11,11.51,0,1946.83,0.1,0.4,4.59,0.91,472.4,33.48,32.65,76.01,284.72,22.72,44.05,35,194.77,37,257.41,16.15,249.72,650.19,3.23,61.660000000000004,1.97,1398.29,2313.58,1136.52,3.2,0.22999999999999998,0,150.52,4384.92,4.48,144.78,159.66,364.26,1.76,2129.61,814.53,0.19,29.31,0.43,24.74,4.77,69.01,28.81,56.22,0,6.33,662.84,2.77,0.03,0.39999999999999997,0.55,64.65,429.7,19.3,12.61,15.8,31.31,393.37,104.73,49.4,359.3,499.61,2391.16,0.93,2.41,0.01,-0.7999999999999999,808.75,14080.42,217.81,58.980000000000004,1649.3,0,0,0,97.09,0,13.03,182.21,5.8100000000000005,7.95,2.25,167,33.3,1250.92,0.7100000000000001,0.65,607.99,202.42,1149.93,4.9399999999999995,2.57,6.36,155.21,30.61,11.69,80.59,1562.96,320.25,84.29,8.2,2.69,27.89,20.5,167.07,1.08,33.38,3.47,0.54,0.39,946.57,32.01,88.33,2.64,0.45,71.67999999999999,644.75,1.9100000000000001,347.02,1176.96,292.05,26.65,0.3,32.65,61.59,5.2700000000000005,290.38,443.40000000000003,21.38,2995.35,0.11,1.84,47.74,0.74,42.36,49.18,77.23,68.84,76.78999999999999,57.77,3.74,4444.2699999999995,1.82,1.73,58.72,0,23.5,25.889999999999997,219.70000000000002,80.1,60.61,12.5,5,39,157.72,77.48,72.83,115.21000000000001,113.75,0.79,1.5899999999999999,134.98,0.22,5.08,12.17,2.06,0.15,14.58,6.7299999999999995,0,0,0,0,0,0,0,0,0,0,0,0,0,0,0,0,0,0,0,0,0,0,0,0,0,0,0,0,0,0,0,0,0,0
2021-01,0.62,93.27,71.9,7.89,119.53,1.54,0.16,0.23,16.93,1.6099999999999999,23.150000000000002,0.5,1.1400000000000001,35.84,0.6900000000000001,256.07,1.3800000000000001,180.58,57.22,21018.67,3.8400000000000003,75.72,1.82,6.32,3.31,1964.03,561.6,313.42,69.56,278.73,117.18,16.04,538.4,277.63,13.05,21.96,63.93,5.05,21996.17,0.94,183.87,45.22,792.08,1.08,0.07,8.25,3.02,12.73,47.11,0,2114.38,1.18,0.2,4.12,0.89,612.02,25.88,72.21,51.27,265.97,15.81,50.65,25.92,166.11,41.97,232.23,11.530000000000001,220.97,657,1.79,73.51,1.51,1127.55,1978.14,863.59,4.97,0.2,0.01,123,4302.3499999999995,3.5,110.79,229.07,308.01,1.3,1624.42,650.29,0.68,30.259999999999998,0.44000000000000006,20.91,3.22,82.31,30.52,50.4,0,6.76,520.23,2.12,1.43,0.48,0.83,72.61,392.04,25.23,11.4,18.43,24.91,331.96,82.81,33.85,242.98,367.93,2823.71,0.06,2.32,0.01,0.03,567.95,14609.85,196.5,49.69,1716.27,0,0,0,92.52,0,16.1,127.24,5.68,6.87,2.27,158.77,34.08,1227.46,0.49,0.8300000000000001,534.88,176.5,971.96,3.94,2.24,4.82,150.18,26.08,10.57,40.86,1443.79,275.24,93.85,9.22,2.79,25.98,14.18,117.34,0.9,12.59,4.72,0.6900000000000001,0.55,904.97,24.2,75.66,22.69,0.41,66.73,627.6800000000001,3.06,235.77,1076.92,268.5,25.62,0.08,71.56,42.55,4.72,204.24,290.18,23.29,2627.74,19.6,7.73,39.36,0.1,21.68,50.849999999999994,54.56,72.48,21.02,54.58,2.52,5053.0999999999995,0.99,1.6600000000000001,25.11,0,8.959999999999999,9.76,67.59,64.96000000000001,162.4,7.34,3.07,20.26,99.31,54.11,890.52,33.04,77.74,1.6700000000000002,0.71,61.74,20.57,1.99,46.94,2.31,0.18,4.19,5.32,124.73,181.11,0,0,0,0,0,0,0,0,0,0,0,0,0,0,0,0,0,0,0,0,0,0,0,0,0,0,0,0,0,0,0,0
2021-02,7.67,111.9,46.29,13.790000000000001,132.15,1.3800000000000001,0.13,0.17,4.09,2.17,23.05,0.66,1.44,34.61,0.53,238.89000000000001,1.3,163.60999999999999,62.32,22593.03,4.24,108.89,3.23,70.96000000000001,3.55,2392.39,540.2,279.81,96.94,295.51,129.29,19.15,610.25,331.68,14.06,22.01,68.19,5.9399999999999995,22223.059999999998,0.32,190.25,56.49,834.45,0.66,0.16,7.04,0.29000000000000004,13.57,6.87,0,2310.87,0.11,0.23,5.63,0.53,435.28,29.61,27.91,66.76,293.07,18.580000000000002,63.4,33.22,178.91,47.47,220.79,63.1,224.06,1148.51,3.07,86.68,1.06,1238.1000000000001,2138.73,924.13,106.92,0.14,0,341.94,4326.41,3.74,125.98,189.53,346.58,2.07,1909.46,665.42,0.7,31.76,0.18,19.88,4.26,54.12,29.95,64.67,0,8.55,535.02,2.57,0.07,0.24000000000000002,0.55,56.19,348.95,23.76,14.24,21.66,26.85,380.7,91.84,35.81,269.65999999999997,449.85,3088.44,0.18,2.21,0.02,-0.75,551.97,14183.41,162.95,61.07,1857.01,0.02,0,0,175.82,0,79.27,155.44,12.99,5.3,6.8,147.14,64.41,1234.82,0.46,7.3100000000000005,478.5,199.82,864.03,4.48,2.71,8.66,113.49,29.64,13.94,658.38,1161.6,277.81,100.3,6.75,1.92,27.19,11.7,135.01,0.74,23.47,4.74,0.65,0.62,919.53,23.55,67.75,0.01,0.43,49.44,495.53,1.66,200.43,922.5,240.21,13.98,0.05,47.56,26.95,4.37,295.27,263.37,18.33,2218.57,0.01,0.54,33.95,0.11,17.34,16.74,48.93,21.82,18.73,52.6,2.67,5822.21,0.7000000000000001,1.99,20.86,0,6.93,6.71,41.22,75.21000000000001,77.61,5.15,2.42,11.72,80.47,49.48,444.65,29.48,41.82,1.92,0.31,36.03,9.8,2.87,16.63,0.45,0.16,2.63,1.14,116.27,46.25,32.300000000000004,86.14,0,0,0,0,0,0,0,0,0,0,0,0,0,0,0,0,0,0,0,0,0,0,0,0,0,0,0,0,0,0
2021-03,18.18,102.11,40.230000000000004,21.81,130.63,1.67,0.1,1.73,13.85,1.59,17.84,1.1600000000000001,2.03,38.79,0.56,245.19,3.8,203.39,60.79,24377.9,3.8099999999999996,163.66,1.04,149.89000000000001,3.7199999999999998,2474.08,487.18,328.63,72.62,314.82,133.48,18.61,592.1,298.45,14.370000000000001,23.37,66.92,4.88,20413.88,0.17,191.29,56.62,813.12,2.2,0.09,5.9799999999999995,0.2,13.82,8.26,0,2490.12,2.56,0.28,4.63,0.47,471.3,28.59,724.3199999999999,64.76,275.64,18.04,65.77,32.51,208.06,42.93,234.62,168.78,236.48,2499.4700000000003,2.31,119.11,1.49,1165.8500000000001,2910.31,1034.96,192.13,0.21,0,690.3,3755.9700000000003,3.77,130.14,161.2,385.58,2.98,1881.04,676.65,1.14,38.88,0.18,19.67,3.44,72.96,26.56,73.45,0,11.48,608.77,4.0200000000000005,0.16,0.19,0.68,62.93,381.19,19.38,14.34,28.9,13.68,372.59,91.92,33.7,327.41,484.85,3551.26,0.14,1.75,0,11.77,703.9300000000001,12395.35,289.75,74.28,1465.96,3.12,0,12.98,186.69,1.77,11.85,132.21,3.46,5.27,1.76,110.01,25.740000000000002,1027.86,0.68,1.59,451.32,182.29,807.01,2.91,1.93,6.949999999999999,115.56,24.92,7.99,0.54,1144.17,254.20000000000002,100.16,6.68,1.75,31.66,14.22,104.61,1.02,15.53,3.84,0.23,0.37,774.66,24.77,64.84,29.33,0.45,51.73,497.45,0.93,208.69,910.56,206.06,14.280000000000001,0.05,29.68,25.75,4.21,290.82,284.46,17.29,2103.85,0.03,0.46,28.75,0.09,18.25,16.75,32.01,21.220000000000002,19.66,48.65,1.9200000000000002,5530.55,0.61,1.35,27.87,0,6.47,6.5,30.3,105.77,41.01,5.92,1.08,11.47,59.57,42.49,223.1,18.6,24.43,1.6500000000000001,0.26,27.91,13.86,1.8,9.89,0.38,0.14,2.06,0.77,70.76,33.68,164.7,240.76999999999998,114.98,18.26,18.16,0,0,0,0,0,0,0,0,0,0,0,0,0,0,0,0,0,0,0,0,0,0,0,0,0,0,0
2021-04,0.49,128.16,67.49,8.08,149.05,0.98,1.8800000000000001,0.33999999999999997,4.44,1.31,24.02,0.62,2.0500000000000003,40.79,2.15,255.6,2.24,182.48,60.83,23664.78,3.85,59.76,2.07,6.29,3.93,2397.89,506.09000000000003,272.6,84.7,403.94,131.47,23.12,654.82,325.49,14.8,26.82,81.88,6.11,22437.18,0.36,203.06,55.33,998.54,0.74,0.12,6.52,0.18,16.94,28.25,0,2399.78,0.3,0.29000000000000004,6.91,0.6,523.5,28.63,72.95,72.79,343.08,30.01,44.19,40.26,187.54,37.92,266.87,14.620000000000001,233.24,697.71,2.83,54.839999999999996,1.63,1411.42,4303.36,1316.45,2.88,0.14,0,160.59,4287.87,4.26,123.92,262.71999999999997,363.3,1.4000000000000001,1950.6,768.4300000000001,0.01,25.13,0.2,23,4.15,51.03,32.05,66.02,0,6.12,821.5500000000001,3.08,0.09,0.18000000000000002,0.6900000000000001,83,440.69,22.95,17.12,13.620000000000001,15.25,378.19,107.16,40.61,365.57,462.23,2505.9,0.9,1.31,0.02,0.02,835.52,15641.41,211.06,50.62,1856.09,0.6,0,0,89.39,0.3,25.63,176.47,6.88,8.18,2.47,140.51,51.6,1517.93,0.84,1.8699999999999999,582.17,237.89,936.09,4.84,2.7,14.23,118.7,28.4,11.28,7.88,1354.32,265.14,131.62,9.64,4.13,29.02,21.44,128.66,1,26.73,4.37,0.48,0.49,892.97,31.1,92.74000000000001,0.05,0.44,72.71,989.69,2.98,293.01,1067.64,245.26,20.73,0.19,45.38,0,6.29,350.48,400.4,20.96,2526.41,8.6,2.77,46.22,0.09,20.99,18.66,38.35,30.509999999999998,25.79,53.26,3.27,6335.98,0.84,4.67,26.96,0,7.07,6.59,34.79,124.98,48.79,7.58,1.06,13.51,53.11,61.67,209.10999999999999,19.16,14.309999999999999,490.15000000000003,0.42,37.8,20.95,2.03,11.09,0.88,0.03,1.9400000000000002,1.46,56.8,34.75,1502.04,138.81,88.61999999999999,244.25,123.5,15.49,150.7,14.52,286.86,0.02,10.42,2315.05,0.01,23.43,0,0,0,0,0,0,0,0,0,0,0,0,0,0,0,0,0,0
2021-05,0.42,161.56,54.14,11.4,203.72,1.79,0.28,0.29000000000000004,16.31,1.21,39.94,0.74,2.47,49.09,3.63,371.26,4.88,268.82,78.87,28194.25,5.53,86.99,1.62,8.24,5.22,3084.15,583.76,323.27,104.25,449.68,151.51,21.6,817.24,392.28000000000003,27.5,33.47,89.06,8.280000000000001,27891.87,0.42,259.89,104.76,1200.58,0.6,0.18,9.86,0.2,18.6,4.1,0,2524.63,2.54,0.29,5.73,0.78,635.14,35.620000000000005,36.52,93.76,365.84,30.69,55.18,45.94,236.21,51.56,330.55,19.19,292.59,791.79,3.43,68.24,1.57,1904.8,4983.12,1465.52,3.9,0.18,0,211.04,4963.21,4.8100000000000005,144.55,201.49,422.99,1.33,2366.32,953.79,0.07,30.18,0.3,25.2,5.84,62.22,33.06,79.6,0,11.99,912.19,3.24,0,0.27,0.87,91.42999999999999,551.41,23.8,13.94,15.61,24.61,475.74,132.51,55.57,442.13,577.54,3154.68,0.46,2.58,0.03,0.03,1158.4199999999998,17884.43,229.68,57.07,2078.84,0,0,0,96.63000000000001,0,18.18,252.13,5.43,5.21,3.33,149.32,40.730000000000004,1540.65,1.5,2.65,822.13,252.94,1134.32,7.53,5.03,14.13,156.37,37.07,10.94,3.06,1589.58,341.99,169.82,8.45,2.12,36.5,32.44,166.77,0.84,33.42,5.7299999999999995,0.5700000000000001,0.41,1099.27,33.73,104.55,34.56,0.45,75.68,727.91,1.6199999999999999,346.12,1345.3,286.81,21.13,0.59,54.160000000000004,5.13,7.45,454.7,458.63000000000005,21.3,2896,5.8,1.8800000000000001,44.17,0.09999999999999999,29.39,21.53,47.18,33.91,28.580000000000002,55.489999999999995,2.38,8183.13,0.68,1.78,39.09,0,8.13,11.25,46.4,102.06,50.11,8.75,1.75,18.34,75.28,59.4,231.26,31.32,20.8,32.72,0.7000000000000001,29.98,26.85,1.6400000000000001,12.709999999999999,2.84,0.08,2.65,0.99,55.95,42.49,1185.8600000000001,91.04,57.22,1750,51.26,4.76,90.35000000000001,25.27,216.19,332.17,723.09,6648.86,0,77.9,1578.82,1571.76,0,0,0,0,0,0,0,0,0,0,0,0,0,0,0,0
2021-06,0.4,138.33,50.5,8.459999999999999,172.93,1.43,0.09,0.05,4.22,1.03,25.09,1.23,1.92,37.33,8.82,268.28000000000003,0.76,212.87,99.01,24279.65,4.19,65.34,0.8,6.54,4.05,2599.11,518.01,224.87,90.04,344.75,135.51,13.700000000000001,694.96,289.41,14.870000000000001,34.63,69.42,6.17,24213.63,0.12000000000000001,230.13,61.65,997.73,0.47000000000000003,0.15000000000000002,15.139999999999999,0.17,19.04,1.84,0,3498,1.9000000000000001,0.19,7.93,0.64,522.11,27.65,26.96,105.14,304.86,27.05,54.99,46.410000000000004,186.42,45.27,273.43,15.549999999999999,285.06,683.9300000000001,1.33,62.92,1.34,1456.2,4364.21,1328.43,3.28,0.17,0.04,202.83,4175.179999999999,4.97,133.74,321.58,414.95,1.2,1968.02,861.51,1.6300000000000001,24.06,0.2,22.2,4.5,42.23,35.52,71.43,0,5.97,808.89,3.63,0.25,0.24,0.54,91.28,440,17.69,12.58,14.76,20.95,398.37,128.47,40.17,412.83000000000004,577.13,1114.69,0.05,2.17,0.01,0.02,1186.49,15351.41,214.07,54.81,1457.17,0,0,0,91.42,0,10.14,138.3,4.31,4.49,2.31,147.64,34.910000000000004,1251.28,0.58,1.49,528.75,180.4,841.75,3.44,4.96,13.73,128.54,28.21,8.86,1,1298.82,211.91,133.13,6.53,2.22,41.2,23.74,112.57000000000001,0.91,20.09,2.87,0.41,0.97,879.58,29.11,89.77,0.04,0.44,83.59,607.6999999999999,1.32,317.61,1128.27,238.1,14.790000000000001,0.05,48.1,0,3.59,412.12,427.83,16.759999999999998,2095.56,5.25,1.42,24.330000000000002,0.36,23,21.55,29.5,31.810000000000002,24.720000000000002,51.050000000000004,0.9,6879.54,0.92,1.6,29.79,0,5.24,6.75,20.77,84.3,39.33,7.08,0.86,11.05,41.89,41.72,140.48,21.84,8.51,23.66,0.05,18.91,17.46,0.9,7.36,0.32,0.02,1.78,0.5800000000000001,30.87,34.18,628.79,50.11,33.99,659.41,23.07,4.1,65.48,19.64,103.21000000000001,377.13,1504.31,4042.38,0.02,35.03,2916.4,2085.64,182.74,2308.75,53.22,6.2,56.48,801.56,26.18,0.1,0,0,0,0,0,0,0,0
2021-07,0.38,132.05,77.96,9.51,169.56,0.79,0.24,0.13,5.45,0.99,27.240000000000002,1.26,1.26,39.77,1.04,287.82,1.99,207.74,78.21,24900.73,4.84,68.82000000000001,1.3,6.84,4.52,2676.39,608.9300000000001,266.94,128.37,385.62,138.44,12.18,767.25,389.76,17.080000000000002,27.56,82.67999999999999,7.01,25057.81,0.91,253.16,81.53,986.42,0.56,0.07,24.580000000000002,5.5,14.21,6.68,0,2863.25,2.41,0.24,4.56,0.55,574.9300000000001,26,83.50999999999999,115,333.75,24.43,49.47,40.32,212.07,27.8,277.68,15.14,310.13,679.32,1.17,68.95,1.37,1658.68,4896.28,1526.83,3.73,0.37,0,58.26,4593.38,4.8100000000000005,118.1,225.92,394.31,1.64,2075.8,892.1,0.03,26.419999999999998,0.18000000000000002,22.84,4.66,36.23,31.580000000000002,58.88,0,7.3100000000000005,818.05,2.98,3.49,0.14,0.7100000000000001,95.62,475.56,18.86,13.49,13.52,23.1,428.54,125.12,47.72,420.36,610.1,117.53,0.26,1.47,0,0.02,1229.71,15593.21,215.6,48.51,1556.7,0,0,0,95.88,0,12.65,161.77,3.93,3.71,1.88,127.97,30.04,1275.81,0.67,1.17,511.5,177.06,920.38,4.12,4.94,14.21,121.97,32.71,8.74,0.66,1402.4,223.32999999999998,154.91,8.95,1.81,35.4,20.96,123.01,0.98,22.26,5.18,0.89,0.56,903.63,28.5,97.66,0.02,0.47,70.91,665.85,2.42,407.15000000000003,1385.44,208.93,16.919999999999998,0.17,33.39,0,3.41,459.49,473.96,16.3,2018.06,5.8999999999999995,2.88,24.41,0.05,20.95,17.78,29.84,32.550000000000004,21.04,43.03,0.83,7170.61,0.47000000000000003,8.51,28.25,0,5.05,7.72,19.66,90.78999999999999,42.7,7.68,0.65,10.55,45.29,35.76,142.68,17.94,8.18,692.6899999999999,0,15.14,17.66,1.6199999999999999,6.11,0.25,0.01,2.3,1.15,25.34,20.31,570.94,43.42,28.17,593.51,17.6,1.08,54.9,31.6,88.39,361.19,5626.5,2743.02,0.09999999999999999,23.39,33497.57,1443.98,212.93,3666.47,971.8299999999999,8.99,112.22,393.75,17.1,2.68,830.28,152.26,0,0,0,0,0,0
2021-08,0.43,148.03,43.33,11.85,168.75,1.59,0.33,0.2,14,1.17,24.27,0.77,1.36,52.72,0.9400000000000001,345.64,1.3299999999999998,226.94,102.23,26310.97,4.8,72.95,1.4,6.14,5.6000000000000005,2854.11,479.29,268.84,137.62,384.79,148.62,24.09,749.42,372.84,17.55,43.82,79.19,7.2,25891.76,0.56,265.46999999999997,76.7,1053.8400000000001,0.78,0.07,22.51,0.11,14.040000000000001,3.31,0,2439.2200000000003,0.1,0.16,6.2700000000000005,0.7,691.87,28.380000000000003,31.4,118.14,377.5,28.93,57.37,43.22,229.77,34.14,302.69,15.93,367.07,641.11,3.04,80.05,2.1,1655.6200000000001,4692.3499999999995,1733.7,3.92,0.22,0,42.84,4707.8099999999995,4.71,134.82,178.2,456.59,1.53,2057.05,900.07,0.72,34.94,0.19,21.28,5.14,46.02,31.22,72.82,0,10.71,883.39,2.97,0.11,0.18000000000000002,0.73,98.19,482.65,18.04,13.53,19.7,25.2,687.58,125.32000000000001,48.620000000000005,370.40999999999997,673.3000000000001,210.88,0.45,2.58,0.05,0.03,1110.82,16436.95,199.4,42.25,1780.4,0,0,0,84.57,0,11.67,139.87,4.32,5.09,1.4100000000000001,141.57,31.94,1315.39,0.73,1.12,479.55,172.4,904.53,3.96,4.18,12.19,93.94,41.62,9.209999999999999,1.2,1370.15,220.74,168.98,7.74,2.35,26.52,24.299999999999997,134.89,1.53,24.41,4.4799999999999995,0.5599999999999999,0.5700000000000001,966.03,28.9,98.81,48.11,0.31,59.82,598.26,1.49,344.1,1853.76,264.43,16.63,0.21,33.87,0,3.34,479.95,393.15999999999997,16.44,2215.4500000000003,0.03,9.65,27.11,0.07,19.6,19.009999999999998,40.78,34.64,21.83,47.2,0.88,7941.15,0.3,2.29,21.22,0,4.33,7.68,19.400000000000002,88.09,38.9,6.68,0.73,8.85,58.82,46.08,165.14,18.580000000000002,7.8100000000000005,73.19,0,13.08,9.93,0.8,6.91,0.12,0.01,1.86,0.5,31.43,14.98,531.94,39.19,20.98,542.96,14.57,2.4,39.14,12.780000000000001,69.23,209.19,3934.5,2228.23,0,17.3,35899.67,1203.83,144.10999999999999,2824.7000000000003,290.82,5.93,65.31,290.76,18.04,0.52,484.24,79.76,0,0,328.96,113.67,163.87,0.03
